date,iso_a3,currency_code,name,local_price,dollar_ex,dollar_price
4/1/2000,ARG,ARS,Argentina,2.5,1,2.5
4/1/2000,AUS,AUD,Australia,2.59,1.68,1.541666667
4/1/2000,BRA,BRL,Brazil,2.95,1.79,1.648044693
4/1/2000,CAN,CAD,Canada,2.85,1.47,1.93877551
4/1/2000,CHE,CHF,Switzerland,5.9,1.7,3.470588235
4/1/2000,CHL,CLP,Chile,1260,514,2.451361868
4/1/2000,CHN,CNY,China,9.9,8.28,1.195652174
4/1/2000,CZE,CZK,Czech Republic,54.37,39.1,1.390537084
4/1/2000,DNK,DKK,Denmark,24.75,8.04,3.078358209
4/1/2000,EUZ,EUR,Euro area,2.56,1.075268817,2.3808
4/1/2000,GBR,GBP,Britain,1.9,0.632911392,3.002000002
4/1/2000,HKG,HKD,Hong Kong,10.2,7.79,1.309370988
4/1/2000,HUN,HUF,Hungary,339,279,1.215053763
4/1/2000,IDN,IDR,Indonesia,14500,7945,1.825047199
4/1/2000,ISR,ILS,Israel,14.5,4.05,3.580246914
4/1/2000,JPN,JPY,Japan,294,106,2.773584906
4/1/2000,KOR,KRW,South Korea,3000,1108,2.707581227
4/1/2000,MEX,MXN,Mexico,20.9,9.41,2.221041445
4/1/2000,MYS,MYR,Malaysia,4.52,3.8,1.189473684
4/1/2000,NZL,NZD,New Zealand,3.4,2.01,1.691542289
4/1/2000,POL,PLN,Poland,5.5,4.3,1.279069767
4/1/2000,RUS,RUB,Russia,39.5,28.5,1.385964912
4/1/2000,SGP,SGD,Singapore,3.2,1.7,1.882352941
4/1/2000,SWE,SEK,Sweden,24,8.84,2.714932127
4/1/2000,THA,THB,Thailand,55,38,1.447368421
4/1/2000,TWN,TWD,Taiwan,70,30.6,2.287581699
4/1/2000,USA,USD,United States,2.51,1,2.51
4/1/2000,ZAF,ZAR,South Africa,9,6.72,1.339285714
4/1/2001,ARG,ARS,Argentina,2.5,1,2.5
4/1/2001,AUS,AUD,Australia,3,1.98,1.515151515
4/1/2001,BRA,BRL,Brazil,3.6,2.19,1.643835616
4/1/2001,CAN,CAD,Canada,3.33,1.56,2.134615385
4/1/2001,CHE,CHF,Switzerland,6.3,1.73,3.641618497
4/1/2001,CHL,CLP,Chile,1260,601,2.096505824
4/1/2001,CHN,CNY,China,9.9,8.28,1.195652174
4/1/2001,CZE,CZK,Czech Republic,56,39,1.435897436
4/1/2001,DNK,DKK,Denmark,24.75,8.46,2.925531915
4/1/2001,EUZ,EUR,Euro area,2.57,1.136363636,2.261600001
4/1/2001,GBR,GBP,Britain,1.99,0.699300699,2.845700001
4/1/2001,HKG,HKD,Hong Kong,10.7,7.8,1.371794872
4/1/2001,HUN,HUF,Hungary,399,303,1.316831683
4/1/2001,IDN,IDR,Indonesia,14700,10855,1.354214648
4/1/2001,JPN,JPY,Japan,294,124,2.370967742
4/1/2001,KOR,KRW,South Korea,3000,1325,2.264150943
4/1/2001,MEX,MXN,Mexico,21.9,9.29,2.35737352
4/1/2001,MYS,MYR,Malaysia,4.52,3.8,1.189473684
4/1/2001,NZL,NZD,New Zealand,3.6,2.47,1.457489879
4/1/2001,PHL,PHP,Philippines,59,50.3,1.172962227
4/1/2001,POL,PLN,Poland,5.9,4.03,1.464019851
4/1/2001,RUS,RUB,Russia,35,28.9,1.211072664
4/1/2001,SGP,SGD,Singapore,3.3,1.81,1.82320442
4/1/2001,SWE,SEK,Sweden,24,10.28,2.33463035
4/1/2001,THA,THB,Thailand,55,45.5,1.208791209
4/1/2001,TWN,TWD,Taiwan,70,32.9,2.127659574
4/1/2001,USA,USD,United States,2.54,1,2.54
4/1/2001,ZAF,ZAR,South Africa,9.7,8.13,1.193111931
4/1/2002,ARG,ARS,Argentina,2.5,3.13,0.798722045
4/1/2002,AUS,AUD,Australia,3,1.86,1.612903226
4/1/2002,BRA,BRL,Brazil,3.6,2.34,1.538461538
4/1/2002,CAN,CAD,Canada,3.33,1.57,2.121019108
4/1/2002,CHE,CHF,Switzerland,6.3,1.66,3.795180723
4/1/2002,CHL,CLP,Chile,1400,655,2.13740458
4/1/2002,CHN,CNY,China,10.5,8.28,1.268115942
4/1/2002,CZE,CZK,Czech Republic,56.28,34,1.655294118
4/1/2002,DNK,DKK,Denmark,24.75,8.38,2.953460621
4/1/2002,EUZ,EUR,Euro area,2.67,1.123595506,2.376299999
4/1/2002,GBR,GBP,Britain,1.99,0.689655172,2.885500002
4/1/2002,HKG,HKD,Hong Kong,11.2,8,1.4
4/1/2002,HUN,HUF,Hungary,459,272,1.6875
4/1/2002,IDN,IDR,Indonesia,16000,9430,1.696712619
4/1/2002,ISR,ILS,Israel,12,4.79,2.505219207
4/1/2002,JPN,JPY,Japan,262,130,2.015384615
4/1/2002,KOR,KRW,South Korea,3100,1304,2.377300613
4/1/2002,MEX,MXN,Mexico,21.9,9.28,2.359913793
4/1/2002,MYS,MYR,Malaysia,5.04,3.8,1.326315789
4/1/2002,NOR,NOK,Norway,35,8.56,4.088785047
4/1/2002,NZL,NZD,New Zealand,3.6,2.24,1.607142857
4/1/2002,PER,PEN,Peru,8.5,3.43,2.478134111
4/1/2002,PHL,PHP,Philippines,65,51,1.274509804
4/1/2002,POL,PLN,Poland,5.9,4.04,1.46039604
4/1/2002,RUS,RUB,Russia,39,31.2,1.25
4/1/2002,SGP,SGD,Singapore,3.3,1.82,1.813186813
4/1/2002,SWE,SEK,Sweden,26,10.4,2.5
4/1/2002,THA,THB,Thailand,55,43.3,1.270207852
4/1/2002,TUR,TRY,Turkey,4.00E+06,1324500,3.02000755
4/1/2002,TWN,TWD,Taiwan,70,34.8,2.011494253
4/1/2002,USA,USD,United States,2.49,1,2.49
4/1/2002,ZAF,ZAR,South Africa,9.7,10.9,0.889908257
4/1/2003,ARG,ARS,Argentina,4.1,2.88,1.423611111
4/1/2003,AUS,AUD,Australia,3,1.61,1.863354037
4/1/2003,BRA,BRL,Brazil,4.55,3.07,1.482084691
4/1/2003,CAN,CAD,Canada,3.2,1.45,2.206896552
4/1/2003,CHE,CHF,Switzerland,6.3,1.37,4.598540146
4/1/2003,CHL,CLP,Chile,1400,716,1.955307263
4/1/2003,CHN,CNY,China,9.9,8.28,1.195652174
4/1/2003,CZE,CZK,Czech Republic,56.57,28.9,1.957439446
4/1/2003,DNK,DKK,Denmark,27.75,6.78,4.092920354
4/1/2003,EGY,EGP,Egypt,8,5.92,1.351351351
4/1/2003,EUZ,EUR,Euro area,2.71,0.909090909,2.981
4/1/2003,GBR,GBP,Britain,1.99,0.632911392,3.144200002
4/1/2003,HKG,HKD,Hong Kong,11.5,7.8,1.474358974
4/1/2003,HUN,HUF,Hungary,490,224,2.1875
4/1/2003,IDN,IDR,Indonesia,16100,8740,1.842105263
4/1/2003,JPN,JPY,Japan,262,120,2.183333333
4/1/2003,KOR,KRW,South Korea,3300,1220,2.704918033
4/1/2003,MEX,MXN,Mexico,23,10.53,2.184235518
4/1/2003,MYS,MYR,Malaysia,5.04,3.8,1.326315789
4/1/2003,NZL,NZD,New Zealand,3.95,1.78,2.219101124
4/1/2003,PER,PEN,Peru,7.9,3.46,2.283236994
4/1/2003,PHL,PHP,Philippines,65,52.5,1.238095238
4/1/2003,POL,PLN,Poland,6.3,3.89,1.619537275
4/1/2003,RUS,RUB,Russia,41,31.1,1.318327974
4/1/2003,SGP,SGD,Singapore,3.3,1.78,1.853932584
4/1/2003,SWE,SEK,Sweden,30,8.34,3.597122302
4/1/2003,THA,THB,Thailand,59,42.7,1.381733021
4/1/2003,TUR,TRY,Turkey,3750000,1600500,2.343017807
4/1/2003,TWN,TWD,Taiwan,70,34.8,2.011494253
4/1/2003,USA,USD,United States,2.71,1,2.71
4/1/2003,ZAF,ZAR,South Africa,13.95,7.56,1.845238095
5/1/2004,ARG,ARS,Argentina,4.36,2.95,1.477966102
5/1/2004,AUS,AUD,Australia,3.25,1.43,2.272727273
5/1/2004,BRA,BRL,Brazil,5.4,3.18,1.698113208
5/1/2004,CAN,CAD,Canada,3.19,1.37,2.328467153
5/1/2004,CHE,CHF,Switzerland,6.3,1.29,4.88372093
5/1/2004,CHL,CLP,Chile,1400,641,2.184087363
5/1/2004,CHN,CNY,China,10.4,8.28,1.256038647
5/1/2004,COL,COP,Colombia,6500,2769.83,2.346714419
5/1/2004,CRI,CRC,Costa Rica,1130,433.55,2.606389113
5/1/2004,CZE,CZK,Czech Republic,56.42,26.5,2.129056604
5/1/2004,DNK,DKK,Denmark,27.75,6.22,4.461414791
5/1/2004,EGY,EGP,Egypt,10,6.19,1.615508885
5/1/2004,EUZ,EUR,Euro area,2.74,0.833333333,3.288000001
5/1/2004,GBR,GBP,Britain,1.88,0.558659218,3.365199999
5/1/2004,HKG,HKD,Hong Kong,12,7.79,1.540436457
5/1/2004,HUN,HUF,Hungary,530,211,2.511848341
5/1/2004,IDN,IDR,Indonesia,16100,9120,1.765350877
5/1/2004,JPN,JPY,Japan,262,113,2.318584071
5/1/2004,KOR,KRW,South Korea,3200,1177,2.718776551
5/1/2004,LKA,LKR,Sri Lanka,140,99,1.414141414
5/1/2004,MEX,MXN,Mexico,24,11.6,2.068965517
5/1/2004,MYS,MYR,Malaysia,5.04,3.8,1.326315789
5/1/2004,NOR,NOK,Norway,35.5,6.8491,5.183162751
5/1/2004,NZL,NZD,New Zealand,4.35,1.64,2.652439024
5/1/2004,PAK,PKR,Pakistan,110,57.76,1.904432133
5/1/2004,PER,PEN,Peru,8.99,3.49,2.575931232
5/1/2004,PHL,PHP,Philippines,69,55.9,1.234347048
5/1/2004,POL,PLN,Poland,6.3,3.87,1.627906977
5/1/2004,RUS,RUB,Russia,42,29,1.448275862
5/1/2004,SAU,SAR,Saudi Arabia,2.4,3.7502,0.639965868
5/1/2004,SGP,SGD,Singapore,3.3,1.71,1.929824561
5/1/2004,SWE,SEK,Sweden,30,7.61,3.94218134
5/1/2004,THA,THB,Thailand,59,40.8,1.446078431
5/1/2004,TUR,TRY,Turkey,3950000,1531000,2.580013063
5/1/2004,TWN,TWD,Taiwan,75,33.4,2.245508982
5/1/2004,UKR,UAH,Ukraine,7.25,5.3315,1.359842446
5/1/2004,URY,UYU,Uruguay,29.8,29.735,1.002185976
5/1/2004,USA,USD,United States,2.9,1,2.9
5/1/2004,ZAF,ZAR,South Africa,12.4,6.66,1.861861862
6/1/2005,ARE,AED,UAE,9,3.6725,2.450646698
6/1/2005,ARG,ARS,Argentina,4.75,2.897,1.639627201
6/1/2005,AUS,AUD,Australia,3.25,1.3015,2.497118709
6/1/2005,BRA,BRL,Brazil,5.9,2.4648,2.393703343
6/1/2005,CAN,CAD,Canada,3.28,1.2494,2.625260125
6/1/2005,CHE,CHF,Switzerland,6.3,1.2475,5.0501002
6/1/2005,CHL,CLP,Chile,1500,592.45,2.531859229
6/1/2005,CHN,CNY,China,10.5,8.2764,1.268667537
6/1/2005,COL,COP,Colombia,6500,2327.7,2.792456073
6/1/2005,CRI,CRC,Costa Rica,1130,475.3,2.377445824
6/1/2005,CZE,CZK,Czech Republic,56.42,24.5409,2.299019188
6/1/2005,DNK,DKK,Denmark,27.75,6.0647,4.575659142
6/1/2005,EGY,EGP,Egypt,9,5.8,1.551724138
6/1/2005,EUZ,EUR,Euro area,2.92,0.814929509,3.583131998
6/1/2005,GBR,GBP,Britain,1.88,0.546448087,3.440400003
6/1/2005,HKG,HKD,Hong Kong,12,7.7807,1.542277687
6/1/2005,HUN,HUF,Hungary,530,203.643,2.602593755
6/1/2005,IDN,IDR,Indonesia,14600,9545,1.529596647
6/1/2005,JPN,JPY,Japan,250,106.715,2.342688469
6/1/2005,KOR,KRW,South Korea,2500,1005.5,2.486325211
6/1/2005,LKA,LKR,Sri Lanka,175,99.945,1.75096303
6/1/2005,MEX,MXN,Mexico,28,10.8675,2.576489533
6/1/2005,MYS,MYR,Malaysia,5.25,3.8,1.381578947
6/1/2005,NOR,NOK,Norway,39,6.4326,6.06286727
6/1/2005,NZL,NZD,New Zealand,4.45,1.4023,3.173358055
6/1/2005,PAK,PKR,Pakistan,130,59.62,2.18047635
6/1/2005,PER,PEN,Peru,8.99,3.2546,2.762244208
6/1/2005,PHL,PHP,Philippines,80,54.55,1.466544455
6/1/2005,POL,PLN,Poland,6.5,3.3096,1.963983563
6/1/2005,RUS,RUB,Russia,42,28.4055,1.478586893
6/1/2005,SAU,SAR,Saudi Arabia,9,3.7501,2.399936002
6/1/2005,SGP,SGD,Singapore,3.6,1.6607,2.167760583
6/1/2005,SWE,SEK,Sweden,31,7.4402,4.166554663
6/1/2005,THA,THB,Thailand,60,40.53,1.4803849
6/1/2005,TUR,TRY,Turkey,4,1.369,2.92184076
6/1/2005,TWN,TWD,Taiwan,75,31.175,2.405773857
6/1/2005,UKR,UAH,Ukraine,7.25,5.06,1.432806324
6/1/2005,URY,UYU,Uruguay,44,24.125,1.823834197
6/1/2005,USA,USD,United States,3.06,1,3.06
6/1/2005,ZAF,ZAR,South Africa,13.95,6.6482,2.098312325
1/1/2006,ARG,ARS,Argentina,4.75,3.0638,1.550362295
1/1/2006,AUS,AUD,Australia,3.25,1.3308,2.442140066
1/1/2006,BRA,BRL,Brazil,6.2,2.2615,2.741543224
1/1/2006,CAN,CAD,Canada,3.52,1.1704,3.007518797
1/1/2006,CHE,CHF,Switzerland,6.3,1.2776,4.931120852
1/1/2006,CHL,CLP,Chile,1560,522.75,2.984218077
1/1/2006,CHN,CNY,China,10.5,8.0641,1.302067187
1/1/2006,CZE,CZK,Czech Republic,62,23.8375,2.600943891
1/1/2006,DNK,DKK,Denmark,27.75,6.1769,4.492544804
1/1/2006,EGY,EGP,Egypt,9.25,5.74,1.611498258
1/1/2006,EUZ,EUR,Euro area,2.91,0.82815735,3.513825
1/1/2006,GBR,GBP,Britain,1.88,0.566925563,3.316131998
1/1/2006,HKG,HKD,Hong Kong,12,7.7512,1.548147384
1/1/2006,HUN,HUF,Hungary,560,206.956,2.705889175
1/1/2006,IDN,IDR,Indonesia,14600,9460,1.543340381
1/1/2006,JPN,JPY,Japan,250,114.305,2.187130922
1/1/2006,KOR,KRW,South Korea,2500,977.45,2.557675584
1/1/2006,MEX,MXN,Mexico,28,10.5425,2.655916528
1/1/2006,MYS,MYR,Malaysia,5.5,3.7488,1.46713615
1/1/2006,NZL,NZD,New Zealand,4.45,1.4467,3.075965992
1/1/2006,PER,PEN,Peru,9.5,3.446,2.756819501
1/1/2006,PHL,PHP,Philippines,82,52.58,1.559528338
1/1/2006,POL,PLN,Poland,6.5,3.1151,2.086610382
1/1/2006,RUS,RUB,Russia,46,28.67,1.604464597
1/1/2006,SGP,SGD,Singapore,3.6,1.6353,2.20143093
1/1/2006,SWE,SEK,Sweden,33,7.7119,4.279101129
1/1/2006,THA,THB,Thailand,60,39.755,1.50924412
1/1/2006,TUR,TRY,Turkey,4.1,1.3365,3.067714179
1/1/2006,TWN,TWD,Taiwan,75,31.9495,2.347454577
1/1/2006,USA,USD,United States,3.15,1,3.15
1/1/2006,ZAF,ZAR,South Africa,13.95,6.0803,2.294294689
5/1/2006,ARE,AED,UAE,9,3.6726,2.450579971
5/1/2006,ARG,ARS,Argentina,7,3.0565,2.290201211
5/1/2006,AUS,AUD,Australia,3.25,1.33253,2.438969479
5/1/2006,BRA,BRL,Brazil,6.4,2.3045,2.777175092
5/1/2006,CAN,CAD,Canada,3.52,1.12045,3.141594895
5/1/2006,CHE,CHF,Switzerland,6.3,1.20885,5.21156471
5/1/2006,CHL,CLP,Chile,1560,529.95,2.943673932
5/1/2006,CHN,CNY,China,10.5,8.026,1.308248193
5/1/2006,COL,COP,Colombia,6500,2503.6,2.596261384
5/1/2006,CRI,CRC,Costa Rica,1130,509.535,2.217708303
5/1/2006,CZE,CZK,Czech Republic,59.05,22.1078,2.671002994
5/1/2006,DNK,DKK,Denmark,27.75,5.81825,4.769475358
5/1/2006,EGY,EGP,Egypt,9.5,5.77075,1.646233159
5/1/2006,EUZ,EUR,Euro area,2.939573529,0.780365992,3.766916497
5/1/2006,GBR,GBP,Britain,1.94,0.531801744,3.647976002
5/1/2006,HKG,HKD,Hong Kong,12,7.7533,1.547728064
5/1/2006,HUN,HUF,Hungary,560,206.3444,2.713909367
5/1/2006,IDN,IDR,Indonesia,14600,9325,1.565683646
5/1/2006,JPN,JPY,Japan,250,112.105,2.230052183
5/1/2006,KOR,KRW,South Korea,2500,952.4,2.624947501
5/1/2006,LKA,LKR,Sri Lanka,190,102.955,1.845466466
5/1/2006,MEX,MXN,Mexico,29,11.3031,2.565667826
5/1/2006,MYS,MYR,Malaysia,5.5,3.6295,1.515360242
5/1/2006,NOR,NOK,Norway,43,6.1023,7.046523442
5/1/2006,NZL,NZD,New Zealand,4.45,1.62101,2.745202065
5/1/2006,PAK,PKR,Pakistan,130,60.055,2.164682374
5/1/2006,PER,PEN,Peru,9.5,3.261,2.913216805
5/1/2006,PHL,PHP,Philippines,85,52.625,1.6152019
5/1/2006,POL,PLN,Poland,6.5,3.09915,2.097349273
5/1/2006,RUS,RUB,Russia,48,27.06375,1.773590134
5/1/2006,SAU,SAR,Saudi Arabia,9,3.749,2.400640171
5/1/2006,SGP,SGD,Singapore,3.6,1.5873,2.268002268
5/1/2006,SWE,SEK,Sweden,33,7.28455,4.530135698
5/1/2006,THA,THB,Thailand,60,38.445,1.560671089
5/1/2006,TUR,TRY,Turkey,4.2,1.5415,2.724618878
5/1/2006,TWN,TWD,Taiwan,75,32.141,2.333468156
5/1/2006,UKR,UAH,Ukraine,8.5,5.05,1.683168317
5/1/2006,URY,UYU,Uruguay,42.28,23.925,1.767189133
5/1/2006,USA,USD,United States,3.1,1,3.1
5/1/2006,ZAF,ZAR,South Africa,13.95,6.597,2.114597544
1/1/2007,ARE,AED,UAE,10,3.6726,2.722866634
1/1/2007,ARG,ARS,Argentina,8.25,3.08875,2.670983408
1/1/2007,AUS,AUD,Australia,3.45,1.266865,2.723257806
1/1/2007,BRA,BRL,Brazil,6.4,2.1335,2.999765643
1/1/2007,CAN,CAD,Canada,3.63,1.17485,3.089756139
1/1/2007,CHE,CHF,Switzerland,6.3,1.2485,5.046055266
1/1/2007,CHL,CLP,Chile,1670,540.15,3.091733778
1/1/2007,CHN,CNY,China,11,7.7743,1.414918385
1/1/2007,COL,COP,Colombia,6900,2239.325,3.081285655
1/1/2007,CRI,CRC,Costa Rica,1130,509.535,2.217708303
1/1/2007,CZE,CZK,Czech Republic,52.1,21.50115,2.423126205
1/1/2007,DNK,DKK,Denmark,27.75,5.75305,4.823528389
1/1/2007,EGY,EGP,Egypt,9.09,5.7,1.594736842
1/1/2007,EUZ,EUR,Euro area,2.94,0.771813376,3.809210998
1/1/2007,GBR,GBP,Britain,1.94,0.506034461,3.833731
1/1/2007,HKG,HKD,Hong Kong,12,7.79845,1.538767319
1/1/2007,HUN,HUF,Hungary,590,194.4237,3.034609464
1/1/2007,IDN,IDR,Indonesia,15900,9090,1.749174917
1/1/2007,JPN,JPY,Japan,280,121.585,2.302915656
1/1/2007,KOR,KRW,South Korea,2900,940.15,3.084614157
1/1/2007,LKA,LKR,Sri Lanka,190,102.955,1.845466466
1/1/2007,MEX,MXN,Mexico,29,10.8894,2.663140302
1/1/2007,MYS,MYR,Malaysia,5.5,3.502,1.570531125
1/1/2007,NOR,NOK,Norway,41.5,6.1023,6.800714485
1/1/2007,NZL,NZD,New Zealand,4.6,1.42796,3.22137875
1/1/2007,PAK,PKR,Pakistan,140,60.055,2.331196403
1/1/2007,PER,PEN,Peru,9.5,3.1895,2.97852328
1/1/2007,PHL,PHP,Philippines,85,49.05,1.732925586
1/1/2007,POL,PLN,Poland,6.9,2.97175,2.321864221
1/1/2007,RUS,RUB,Russia,49,26.5335,1.846722068
1/1/2007,SAU,SAR,Saudi Arabia,9,3.749,2.400640171
1/1/2007,SGP,SGD,Singapore,3.6,1.53795,2.340778309
1/1/2007,SWE,SEK,Sweden,32,7.04125,4.544647612
1/1/2007,THA,THB,Thailand,62,35.3,1.756373938
1/1/2007,TUR,TRY,Turkey,4.55,1.40975,3.22752261
1/1/2007,TWN,TWD,Taiwan,75,32.9255,2.277869736
1/1/2007,UKR,UAH,Ukraine,9,5.05,1.782178218
1/1/2007,URY,UYU,Uruguay,55,23.925,2.298850575
1/1/2007,USA,USD,United States,3.22,1,3.22
1/1/2007,ZAF,ZAR,South Africa,15.5,7.10975,2.180104786
6/1/2007,ARE,AED,UAE,10,3.67285,2.722681297
6/1/2007,ARG,ARS,Argentina,8.25,3.0915,2.668607472
6/1/2007,AUS,AUD,Australia,3.45,1.17,2.948717949
6/1/2007,BRA,BRL,Brazil,6.9,1.913,3.606900157
6/1/2007,CAN,CAD,Canada,3.88,1.05345,3.683136361
6/1/2007,CHE,CHF,Switzerland,6.3,1.2112,5.201453104
6/1/2007,CHL,CLP,Chile,1565,526.75,2.971048885
6/1/2007,CHN,CNY,China,11,7.6047,1.446473891
6/1/2007,COL,COP,Colombia,6900,1956,3.527607362
6/1/2007,CRI,CRC,Costa Rica,1130,518.625,2.178838274
6/1/2007,CZE,CZK,Czech Republic,52.9,21.11675,2.505120343
6/1/2007,DNK,DKK,Denmark,27.75,5.4603,5.082138344
6/1/2007,EGY,EGP,Egypt,9.54,5.69025,1.676551997
6/1/2007,EUZ,EUR,Euro area,3.057482443,0.733756466,4.166889949
6/1/2007,GBR,GBP,Britain,1.99,0.496610632,4.007163503
6/1/2007,HKG,HKD,Hong Kong,12,7.81555,1.53540058
6/1/2007,HUN,HUF,Hungary,600,180.2106,3.329437891
6/1/2007,IDN,IDR,Indonesia,15900,9015,1.763727121
6/1/2007,JPN,JPY,Japan,280,122.315,2.289171402
6/1/2007,KOR,KRW,South Korea,2900,922.5,3.143631436
6/1/2007,LKA,LKR,Sri Lanka,210,111.4,1.885098743
6/1/2007,MEX,MXN,Mexico,29,10.76755,2.693277487
6/1/2007,MYS,MYR,Malaysia,5.5,3.4345,1.601397583
6/1/2007,NOR,NOK,Norway,40,5.8139,6.880063297
6/1/2007,NZL,NZD,New Zealand,4.6,1.2797,3.594592483
6/1/2007,PAK,PKR,Pakistan,140,60.37,2.319032632
6/1/2007,PER,PEN,Peru,9.5,3.167,2.999684244
6/1/2007,PHL,PHP,Philippines,85,45.8975,1.851952721
6/1/2007,POL,PLN,Poland,6.9,2.75185,2.50740411
6/1/2007,RUS,RUB,Russia,52,25.64825,2.027428772
6/1/2007,SAU,SAR,Saudi Arabia,9,3.75045,2.399712035
6/1/2007,SGP,SGD,Singapore,3.95,1.52375,2.592288761
6/1/2007,SWE,SEK,Sweden,33,6.79165,4.858907629
6/1/2007,THA,THB,Thailand,62,34.455,1.799448556
6/1/2007,TUR,TRY,Turkey,4.75,1.2981,3.659194207
6/1/2007,TWN,TWD,Taiwan,75,32.7705,2.28864375
6/1/2007,UKR,UAH,Ukraine,9.25,5.0275,1.839880656
6/1/2007,URY,UYU,Uruguay,62,23.945,2.58926707
6/1/2007,USA,USD,United States,3.41,1,3.41
6/1/2007,ZAF,ZAR,South Africa,15.5,6.971,2.223497346
6/1/2008,ARE,AED,UAE,10,3.67285,2.722681297
6/1/2008,ARG,ARS,Argentina,11,3.0195,3.64298725
6/1/2008,AUS,AUD,Australia,3.45,1.026,3.362573099
6/1/2008,BRA,BRL,Brazil,7.5,1.5846,4.733055661
6/1/2008,CAN,CAD,Canada,4.09,1.00355,4.075531862
6/1/2008,CHE,CHF,Switzerland,6.5,1.02215,6.35914494
6/1/2008,CHL,CLP,Chile,1550,494.65,3.133528758
6/1/2008,CHN,CNY,China,12.5,6.834,1.829089845
6/1/2008,COL,COP,Colombia,7000,1798.65,3.891807745
6/1/2008,CRI,CRC,Costa Rica,1800,551.02,3.266669086
6/1/2008,CZE,CZK,Czech Republic,66.08,14.49795,4.55788577
6/1/2008,DNK,DKK,Denmark,28,4.7044,5.951874841
6/1/2008,EGY,EGP,Egypt,13,5.3125,2.447058824
6/1/2008,EUZ,EUR,Euro area,3.36856,0.630497147,5.342704588
6/1/2008,GBR,GBP,Britain,2.29,0.501039657,4.570496503
6/1/2008,HKG,HKD,Hong Kong,13.3,7.7974,1.705696771
6/1/2008,HUN,HUF,Hungary,670,144.2578,4.644462899
6/1/2008,IDN,IDR,Indonesia,18700,9152,2.043269231
6/1/2008,JPN,JPY,Japan,280,106.855,2.620373403
6/1/2008,KOR,KRW,South Korea,3200,1018.05,3.143264083
6/1/2008,LKA,LKR,Sri Lanka,210,107.55,1.952580195
6/1/2008,MEX,MXN,Mexico,32,10.1685,3.146973497
6/1/2008,MYS,MYR,Malaysia,5.5,3.238,1.69857937
6/1/2008,NOR,NOK,Norway,40,5.07915,7.875333471
6/1/2008,NZL,NZD,New Zealand,4.9,1.3177,3.718600592
6/1/2008,PAK,PKR,Pakistan,140,70.9,1.97461213
6/1/2008,PER,PEN,Peru,9.5,2.84,3.345070423
6/1/2008,PHL,PHP,Philippines,87,44.485,1.95571541
6/1/2008,POL,PLN,Poland,7,2.03145,3.445814566
6/1/2008,RUS,RUB,Russia,59,23.2336,2.539425659
6/1/2008,SAU,SAR,Saudi Arabia,10,3.74955,2.666986705
6/1/2008,SGP,SGD,Singapore,3.95,1.35275,2.919977823
6/1/2008,SWE,SEK,Sweden,38,5.96085,6.37492975
6/1/2008,THA,THB,Thailand,62,33.36,1.858513189
6/1/2008,TUR,TRY,Turkey,5.15,1.19275,4.317753092
6/1/2008,TWN,TWD,Taiwan,75,30.3625,2.470152326
6/1/2008,UKR,UAH,Ukraine,11,4.6,2.391304348
6/1/2008,URY,UYU,Uruguay,61,19.15,3.18537859
6/1/2008,USA,USD,United States,3.57,1,3.57
6/1/2008,ZAF,ZAR,South Africa,16.95,7.56325,2.241100056
7/1/2009,ARE,AED,UAE,10,3.673,2.722570106
7/1/2009,ARG,ARS,Argentina,11.5,3.81125,3.017382748
7/1/2009,AUS,AUD,Australia,4.34,1.2869,3.372445411
7/1/2009,BRA,BRL,Brazil,8.03,1.9971,4.020830204
7/1/2009,CAN,CAD,Canada,3.89,1.16085,3.350992807
7/1/2009,CHE,CHF,Switzerland,6.5,1.08605,5.984991483
7/1/2009,CHL,CLP,Chile,1750,548.55,3.190228785
7/1/2009,CHN,CNY,China,12.5,6.8327,1.82943785
7/1/2009,COL,COP,Colombia,7000,2095.6,3.340332124
7/1/2009,CRI,CRC,Costa Rica,2000,582.57,3.433063838
7/1/2009,CZE,CZK,Czech Republic,67.92,18.66155,3.63956906
7/1/2009,DNK,DKK,Denmark,29.5,5.3375,5.526932084
7/1/2009,EGY,EGP,Egypt,13,5.58475,2.327767581
7/1/2009,EUZ,EUR,Euro area,3.31,0.716897269,4.617118998
7/1/2009,GBR,GBP,Britain,2.29,0.620886626,3.688274001
7/1/2009,HKG,HKD,Hong Kong,13.3,7.7505,1.716018321
7/1/2009,HUN,HUF,Hungary,720,199.1577,3.615225522
7/1/2009,IDN,IDR,Indonesia,20900,10200,2.049019608
7/1/2009,ISR,ILS,Israel,15,3.97425,3.774297037
7/1/2009,JPN,JPY,Japan,320,92.565,3.457030195
7/1/2009,KOR,KRW,South Korea,3400,1314.5,2.586534804
7/1/2009,LKA,LKR,Sri Lanka,210,114.86,1.828312729
7/1/2009,MEX,MXN,Mexico,33,13.8104,2.389503563
7/1/2009,MYS,MYR,Malaysia,6.77,3.602,1.879511383
7/1/2009,NOR,NOK,Norway,40,6.50925,6.145101202
7/1/2009,NZL,NZD,New Zealand,4.9,1.59235,3.077212924
7/1/2009,PAK,PKR,Pakistan,190,82.6,2.300242131
7/1/2009,PER,PEN,Peru,8.056,3.0274,2.661029266
7/1/2009,PHL,PHP,Philippines,99.39,48.385,2.054149013
7/1/2009,POL,PLN,Poland,7.6,3.15525,2.408683939
7/1/2009,RUS,RUB,Russia,67,32.7959,2.042938294
7/1/2009,SAU,SAR,Saudi Arabia,11,3.7504,2.933020478
7/1/2009,SGP,SGD,Singapore,4.22,1.4645,2.881529532
7/1/2009,SWE,SEK,Sweden,39,7.90915,4.930997642
7/1/2009,THA,THB,Thailand,64.49,34.165,1.887604273
7/1/2009,TUR,TRY,Turkey,5.65,1.55005,3.645043708
7/1/2009,TWN,TWD,Taiwan,75,33.1755,2.260704436
7/1/2009,UKR,UAH,Ukraine,14,7.66,1.82767624
7/1/2009,URY,UYU,Uruguay,61,23.17,2.632714717
7/1/2009,USA,USD,United States,3.57,1,3.57
7/1/2009,ZAF,ZAR,South Africa,17.95,8.2805,2.167743494
1/1/2010,ARE,AED,UAE,11,3.673,2.994827117
1/1/2010,ARG,ARS,Argentina,7,3.7985,1.842832697
1/1/2010,AUS,AUD,Australia,4.35,1.09355,3.977870239
1/1/2010,BRA,BRL,Brazil,8.2,1.7233,4.75831254
1/1/2010,CAN,CAD,Canada,4.12,1.0368,3.973765432
1/1/2010,CHE,CHF,Switzerland,6.5,1.03115,6.303641565
1/1/2010,CHL,CLP,Chile,1600,503.1,3.18028225
1/1/2010,CHN,CNY,China,12.5,6.8272,1.830911648
1/1/2010,COL,COP,Colombia,8200,2095.6,3.912960489
1/1/2010,CRI,CRC,Costa Rica,2050,582.57,3.518890434
1/1/2010,CZE,CZK,Czech Republic,67.64,18.21005,3.714432415
1/1/2010,DNK,DKK,Denmark,30.94,5.16195,5.99385891
1/1/2010,EGY,EGP,Egypt,13,5.465,2.378774016
1/1/2010,EUZ,EUR,Euro area,3.36,0.693649638,4.843943997
1/1/2010,GBR,GBP,Britain,2.29,0.623752495,3.671328
1/1/2010,HKG,HKD,Hong Kong,14.8,7.75655,1.908064797
1/1/2010,HUN,HUF,Hungary,720,186.6508,3.857470742
1/1/2010,IDN,IDR,Indonesia,20900,9320,2.24248927
1/1/2010,ISR,ILS,Israel,14.9,3.7325,3.991962492
1/1/2010,JPN,JPY,Japan,320,91.54,3.495739567
1/1/2010,KOR,KRW,South Korea,3400,1140.5,2.981148619
1/1/2010,LKA,LKR,Sri Lanka,210,114.86,1.828312729
1/1/2010,MEX,MXN,Mexico,32,12.81375,2.497317335
1/1/2010,MYS,MYR,Malaysia,7.05,3.3875,2.081180812
1/1/2010,NOR,NOK,Norway,40,5.69555,7.023026749
1/1/2010,NZL,NZD,New Zealand,4.9,1.35685,3.611305598
1/1/2010,PAK,PKR,Pakistan,200,82.6,2.421307506
1/1/2010,PER,PEN,Peru,8.056,2.8705,2.806479707
1/1/2010,PHL,PHP,Philippines,101.52,45.92,2.210801394
1/1/2010,POL,PLN,Poland,8.1,2.83565,2.85648793
1/1/2010,RUS,RUB,Russia,70,29.927,2.339024961
1/1/2010,SAU,SAR,Saudi Arabia,10,3.7502,2.666524452
1/1/2010,SGP,SGD,Singapore,4.45,1.39555,3.188706961
1/1/2010,SWE,SEK,Sweden,39,7.0821,5.506841191
1/1/2010,THA,THB,Thailand,70,33.135,2.11256979
1/1/2010,TUR,TRY,Turkey,5.65,1.47455,3.831677461
1/1/2010,TWN,TWD,Taiwan,75,31.8425,2.355342702
1/1/2010,UKR,UAH,Ukraine,14,7.66,1.82767624
1/1/2010,URY,UYU,Uruguay,77,23.17,3.32326284
1/1/2010,USA,USD,United States,3.58,1,3.58
1/1/2010,ZAF,ZAR,South Africa,17.95,7.3045,2.457389281
7/1/2010,ARE,AED,UAE,11,3.67285,2.994949426
7/1/2010,ARG,ARS,Argentina,14,3.93375,3.558945027
7/1/2010,AUS,AUD,Australia,4.35,1.133722578,3.8369175
7/1/2010,BRA,BRL,Brazil,8.71,1.77495,4.907180484
7/1/2010,CAN,CAD,Canada,4.17,1.04235,4.000575622
7/1/2010,CHE,CHF,Switzerland,6.5,1.05085,6.185468906
7/1/2010,CHL,CLP,Chile,1750,523.65,3.34192686
7/1/2010,CHN,CNY,China,13.2,6.7769,1.947793239
7/1/2010,COL,COP,Colombia,8200,1868.45,4.388664401
7/1/2010,CRI,CRC,Costa Rica,2000,522.115,3.830573724
7/1/2010,CZE,CZK,Czech Republic,67.64,19.7476,3.425226357
7/1/2010,DNK,DKK,Denmark,28.5,5.81365,4.902255898
7/1/2010,EGY,EGP,Egypt,13,5.699,2.281101948
7/1/2010,EUZ,EUR,Euro area,3.380031071,0.78015291,4.332523827
7/1/2010,GBR,GBP,Britain,2.29,0.657375756,3.483548
7/1/2010,HKG,HKD,Hong Kong,14.8,7.7742,1.90373286
7/1/2010,HUN,HUF,Hungary,740,221.96915,3.333796611
7/1/2010,IDN,IDR,Indonesia,22780,9063,2.513516496
7/1/2010,ISR,ILS,Israel,14.9,3.8619,3.858204511
7/1/2010,JPN,JPY,Japan,320,87.18,3.670566644
7/1/2010,KOR,KRW,South Korea,3400,1204.45,2.822865208
7/1/2010,LKA,LKR,Sri Lanka,210,112.775,1.86211483
7/1/2010,MEX,MXN,Mexico,32,12.782,2.503520576
7/1/2010,MYS,MYR,Malaysia,7.05,3.2135,2.193869613
7/1/2010,NOR,NOK,Norway,45,6.24625,7.204322594
7/1/2010,NZL,NZD,New Zealand,5,1.39275766,3.59
7/1/2010,PAK,PKR,Pakistan,210,85.525,2.455422391
7/1/2010,PER,PEN,Peru,10,2.8275,3.536693192
7/1/2010,PHL,PHP,Philippines,102,46.47,2.194964493
7/1/2010,POL,PLN,Poland,8.3,3.1969,2.596265132
7/1/2010,RUS,RUB,Russia,71,30.44325,2.332208289
7/1/2010,SAU,SAR,Saudi Arabia,10,3.75045,2.666346705
7/1/2010,SGP,SGD,Singapore,4.23,1.3742,3.078154563
7/1/2010,SWE,SEK,Sweden,48.4,7.37355,6.564002414
7/1/2010,THA,THB,Thailand,70,32.305,2.166847237
7/1/2010,TUR,TRY,Turkey,5.95,1.5293,3.890668933
7/1/2010,TWN,TWD,Taiwan,75,32.1055,2.336048341
7/1/2010,UKR,UAH,Ukraine,14.5,7.899,1.835675402
7/1/2010,URY,UYU,Uruguay,79,21.1,3.744075829
7/1/2010,USA,USD,United States,3.733333333,1,3.733333333
7/1/2010,ZAF,ZAR,South Africa,18.45,7.5365,2.448085982
7/1/2011,ARE,AED,UAE,12,3.67305,3.267039654
7/1/2011,ARG,ARS,Argentina,20,4.1325,4.83968542
7/1/2011,AUS,AUD,Australia,4.56,0.922381589,4.943724001
7/1/2011,BRA,BRL,Brazil,9.5,1.5416,6.162428646
7/1/2011,CAN,CAD,Canada,4.73,0.94585,5.000792938
7/1/2011,CHE,CHF,Switzerland,6.5,0.80615,8.063015568
7/1/2011,CHL,CLP,Chile,1850,462.75,3.997839006
7/1/2011,CHN,CNY,China,14.65,6.445,2.273079907
7/1/2011,COL,COP,Colombia,8400,1770.5,4.74442248
7/1/2011,CRI,CRC,Costa Rica,2050,504.305,4.065000347
7/1/2011,CZE,CZK,Czech Republic,69.32,17.0219,4.072400848
7/1/2011,DNK,DKK,Denmark,28.5,5.19845,5.482403409
7/1/2011,EGY,EGP,Egypt,14.09,5.962,2.363300906
7/1/2011,EUZ,EUR,Euro area,3.437660401,0.697520315,4.928401836
7/1/2011,GBR,GBP,Britain,2.39,0.614137444,3.891637
7/1/2011,HKG,HKD,Hong Kong,15.1,7.7918,1.937934752
7/1/2011,HUN,HUF,Hungary,760,188.0724,4.040996978
7/1/2011,IDN,IDR,Indonesia,22534,8523,2.643904728
7/1/2011,IND,INR,India,84,44.4,1.891891892
7/1/2011,ISR,ILS,Israel,15.9,3.40335,4.671867425
7/1/2011,JPN,JPY,Japan,320,78.365,4.083455624
7/1/2011,KOR,KRW,South Korea,3700,1056.2,3.503124408
7/1/2011,LKA,LKR,Sri Lanka,280,109.475,2.557661567
7/1/2011,MEX,MXN,Mexico,32,11.67075,2.741897479
7/1/2011,MYS,MYR,Malaysia,7.2,2.973,2.421796165
7/1/2011,NOR,NOK,Norway,45,5.41405,8.311707502
7/1/2011,NZL,NZD,New Zealand,5.1,1.156069364,4.411500001
7/1/2011,PAK,PKR,Pakistan,205.13,86.345,2.375702125
7/1/2011,PER,PEN,Peru,10,2.7375,3.652968037
7/1/2011,PHL,PHP,Philippines,118,42.41,2.78236265
7/1/2011,POL,PLN,Poland,8.63,2.7968,3.085669336
7/1/2011,RUS,RUB,Russia,75,27.7525,2.702459238
7/1/2011,SAU,SAR,Saudi Arabia,10,3.7502,2.666524452
7/1/2011,SGP,SGD,Singapore,4.41,1.20705,3.653535479
7/1/2011,SWE,SEK,Sweden,48.4,6.3352,7.639853517
7/1/2011,THA,THB,Thailand,70,29.75,2.352941176
7/1/2011,TUR,TRY,Turkey,6.5,1.72285,3.772818295
7/1/2011,TWN,TWD,Taiwan,75,28.834,2.601095928
7/1/2011,UKR,UAH,Ukraine,16.5,7.994,2.064048036
7/1/2011,URY,UYU,Uruguay,90,18.45,4.87804878
7/1/2011,USA,USD,United States,4.065,1,4.065
7/1/2011,ZAF,ZAR,South Africa,19.45,6.76885,2.873457087
1/1/2012,ARE,AED,UAE,12,3.673,3.267084127
1/1/2012,ARG,ARS,Argentina,20,4.3135,4.636606004
1/1/2012,AUS,AUD,Australia,4.8,0.972337012,4.93656
1/1/2012,BRA,BRL,Brazil,10.25,1.805,5.67867036
1/1/2012,CAN,CAD,Canada,4.73,1.02095,4.632939909
1/1/2012,CHE,CHF,Switzerland,6.5,0.9551,6.805570097
1/1/2012,CHL,CLP,Chile,2050,506.05,4.050983104
1/1/2012,CHN,CNY,China,15.4,6.3155,2.438445095
1/1/2012,COL,COP,Colombia,8400,1852.15,4.535269822
1/1/2012,CRI,CRC,Costa Rica,2050,509.54,4.023236645
1/1/2012,CZE,CZK,Czech Republic,70.22,20.36535,3.448013415
1/1/2012,DNK,DKK,Denmark,31.5,5.86135,5.37418854
1/1/2012,EGY,EGP,Egypt,15.5,6.037,2.567500414
1/1/2012,EUZ,EUR,Euro area,3.49245637,0.788239467,4.430704775
1/1/2012,GBR,GBP,Britain,2.49,0.651253663,3.823395002
1/1/2012,HKG,HKD,Hong Kong,16.5,7.76735,2.124276619
1/1/2012,HUN,HUF,Hungary,645,245.69425,2.625214062
1/1/2012,IDN,IDR,Indonesia,22534,9160,2.460043668
1/1/2012,IND,INR,India,84,51.905,1.6183412
1/1/2012,ISR,ILS,Israel,15.9,3.8485,4.131479797
1/1/2012,JPN,JPY,Japan,320,76.92,4.160166407
1/1/2012,KOR,KRW,South Korea,3700,1158.75,3.193096009
1/1/2012,LKA,LKR,Sri Lanka,290,113.93,2.545422628
1/1/2012,MEX,MXN,Mexico,37,13.6844,2.703808716
1/1/2012,MYS,MYR,Malaysia,7.35,3.13955,2.341099839
1/1/2012,NOR,NOK,Norway,41,6.0399,6.788191857
1/1/2012,NZL,NZD,New Zealand,5.1,1.26000126,4.047615
1/1/2012,PAK,PKR,Pakistan,260,90.05,2.887284842
1/1/2012,PER,PEN,Peru,10,2.6925,3.714020427
1/1/2012,PHL,PHP,Philippines,118,44.005,2.681513464
1/1/2012,POL,PLN,Poland,9.1,3.52045,2.584896817
1/1/2012,RUS,RUB,Russia,81,31.7693,2.549631248
1/1/2012,SAU,SAR,Saudi Arabia,10,3.7502,2.666524452
1/1/2012,SGP,SGD,Singapore,4.85,1.2928,3.75154703
1/1/2012,SWE,SEK,Sweden,41,6.9338,5.913063544
1/1/2012,THA,THB,Thailand,78,31.75,2.456692913
1/1/2012,TUR,TRY,Turkey,6.6,1.86295,3.54276819
1/1/2012,TWN,TWD,Taiwan,75,29.9795,2.501709501
1/1/2012,UKR,UAH,Ukraine,17,8.0405,2.114296375
1/1/2012,URY,UYU,Uruguay,90,19.45,4.627249357
1/1/2012,USA,USD,United States,4.19722,1,4.19722
1/1/2012,ZAF,ZAR,South Africa,19.95,8.1304,2.453753813
7/1/2012,ARE,AED,UAE,12,3.67295,3.267128602
7/1/2012,ARG,ARS,Argentina,19,4.56625,4.160963592
7/1/2012,AUS,AUD,Australia,4.56,0.974326497,4.680155999
7/1/2012,BRA,BRL,Brazil,10.08,2.04215,4.935974341
7/1/2012,CAN,CAD,Canada,5.12,1.01945,5.022315955
7/1/2012,CHE,CHF,Switzerland,6.5,0.9906,6.56167979
7/1/2012,CHL,CLP,Chile,2050,493.05,4.157793327
7/1/2012,CHN,CNY,China,15.65,6.3885,2.44971433
7/1/2012,COL,COP,Colombia,8600,1804.475,4.765929148
7/1/2012,CZE,CZK,Czech Republic,70.33,21.048,3.34141011
7/1/2012,DNK,DKK,Denmark,28.5,6.1356,4.645022492
7/1/2012,EGY,EGP,Egypt,16,6.0665,2.637435094
7/1/2012,EUZ,EUR,Euro area,3.583482241,0.824844311,4.344434693
7/1/2012,GBR,GBP,Britain,2.69,0.646266197,4.1623715
7/1/2012,HKG,HKD,Hong Kong,16.5,7.75815,2.126795692
7/1/2012,HUN,HUF,Hungary,830,238.2151,3.484245961
7/1/2012,IDN,IDR,Indonesia,24200,9482.5,2.552069602
7/1/2012,IND,INR,India,89,56.165,1.584616754
7/1/2012,ISR,ILS,Israel,11.9,4.07625,2.919349893
7/1/2012,JPN,JPY,Japan,320,78.22,4.091025313
7/1/2012,KOR,KRW,South Korea,3700,1151,3.214596003
7/1/2012,LKA,LKR,Sri Lanka,290,131,2.213740458
7/1/2012,MEX,MXN,Mexico,37,13.687,2.703295098
7/1/2012,MYS,MYR,Malaysia,7.4,3.1735,2.331810304
7/1/2012,NOR,NOK,Norway,43,6.09205,7.058379363
7/1/2012,NZL,NZD,New Zealand,5.1,1.273560876,4.004520001
7/1/2012,PAK,PKR,Pakistan,285,94.605,3.012525765
7/1/2012,PHL,PHP,Philippines,118,42.2,2.796208531
7/1/2012,POL,PLN,Poland,9.1,3.46035,2.629791784
7/1/2012,RUS,RUB,Russia,75,32.76525,2.289010461
7/1/2012,SAU,SAR,Saudi Arabia,10,3.75025,2.666488901
7/1/2012,SGP,SGD,Singapore,4.4,1.2585,3.496225665
7/1/2012,SWE,SEK,Sweden,39.97301987,6.9777,5.728681352
7/1/2012,THA,THB,Thailand,82,31.7,2.586750789
7/1/2012,TUR,TRY,Turkey,8.25,1.8269,4.515846516
7/1/2012,TWN,TWD,Taiwan,75,30.1955,2.483813813
7/1/2012,UKR,UAH,Ukraine,15,8.0855,1.85517284
7/1/2012,URY,UYU,Uruguay,99,21.87,4.526748971
7/1/2012,USA,USD,United States,4.3275,1,4.3275
7/1/2012,ZAF,ZAR,South Africa,19.95,8.4683,2.355844739
1/1/2013,ARE,AED,UAE,12,3.67305,3.267039654
1/1/2013,ARG,ARS,Argentina,19,4.9765,3.817944338
1/1/2013,AUS,AUD,Australia,4.7,0.959094615,4.900454998
1/1/2013,BRA,BRL,Brazil,11.25,1.99335,5.64376552
1/1/2013,CAN,CAD,Canada,5.41,1.0029,5.394356367
1/1/2013,CHE,CHF,Switzerland,6.5,0.9123,7.124849282
1/1/2013,CHL,CLP,Chile,2050,471.75,4.345521993
1/1/2013,CHN,CNY,China,16,6.2204,2.572181853
1/1/2013,COL,COP,Colombia,8600,1773.175,4.850057101
1/1/2013,CRI,CRC,Costa Rica,2200,500.83,4.392708105
1/1/2013,CZE,CZK,Czech Republic,70.33,18.89495,3.722158566
1/1/2013,DNK,DKK,Denmark,28.5,5.49795,5.183750307
1/1/2013,EGY,EGP,Egypt,16,6.68575,2.393149609
1/1/2013,EUZ,EUR,Euro area,3.594849572,0.736946829,4.878031129
1/1/2013,GBR,GBP,Britain,2.69,0.633211968,4.248182498
1/1/2013,HKG,HKD,Hong Kong,17,7.7591,2.190975757
1/1/2013,HUN,HUF,Hungary,830,217.46935,3.816629792
1/1/2013,IDN,IDR,Indonesia,27939,9767.5,2.860404402
1/1/2013,IND,INR,India,89,53.395,1.666822736
1/1/2013,ISR,ILS,Israel,14.9,3.72455,4.00048328
1/1/2013,JPN,JPY,Japan,320,91.065,3.513973535
1/1/2013,KOR,KRW,South Korea,3700,1085.475,3.408645984
1/1/2013,LKA,LKR,Sri Lanka,350,126.45,2.767892448
1/1/2013,MEX,MXN,Mexico,37,12.7384,2.904603404
1/1/2013,MYS,MYR,Malaysia,7.95,3.083,2.578657152
1/1/2013,NOR,NOK,Norway,43,5.4831,7.842279003
1/1/2013,NZL,NZD,New Zealand,5.2,1.202428906,4.324580001
1/1/2013,PAK,PKR,Pakistan,290,97.665,2.969333948
1/1/2013,PER,PEN,Peru,10,2.5595,3.907013088
1/1/2013,PHL,PHP,Philippines,118,40.6,2.906403941
1/1/2013,POL,PLN,Poland,9.1,3.092,2.943078913
1/1/2013,RUS,RUB,Russia,72.88,30.045,2.425694791
1/1/2013,SAU,SAR,Saudi Arabia,11,3.7502,2.933176897
1/1/2013,SGP,SGD,Singapore,4.5,1.23485,3.644167308
1/1/2013,SWE,SEK,Sweden,40.55930138,6.3492,6.388096355
1/1/2013,THA,THB,Thailand,87,29.755,2.92387834
1/1/2013,TUR,TRY,Turkey,8.45,1.76875,4.777385159
1/1/2013,TWN,TWD,Taiwan,75,29.502,2.542200529
1/1/2013,UKR,UAH,Ukraine,19,8.144,2.333005894
1/1/2013,URY,UYU,Uruguay,105,19.28,5.446058091
1/1/2013,USA,USD,United States,4.367395833,1,4.367395833
1/1/2013,ZAF,ZAR,South Africa,20.9,9.047,2.310158063
7/1/2013,ARE,AED,UAE,12,3.673,3.267084127
7/1/2013,ARG,ARS,Argentina,21,5.4125,3.879907621
7/1/2013,AUS,AUD,Australia,5.035,1.089858863,4.619864251
7/1/2013,BRA,BRL,Brazil,12,2.27065,5.284830335
7/1/2013,CAN,CAD,Canada,5.53,1.05125,5.260404281
7/1/2013,CHE,CHF,Switzerland,6.5,0.9674,6.719040728
7/1/2013,CHL,CLP,Chile,2000,508.155,3.935806988
7/1/2013,CHN,CNY,China,16,6.1341,2.608369606
7/1/2013,COL,COP,Colombia,8600,1921,4.476834982
7/1/2013,CRI,CRC,Costa Rica,2150,498.675,4.311425277
7/1/2013,CZE,CZK,Czech Republic,70.45,20.1828,3.490595953
7/1/2013,DNK,DKK,Denmark,28.5,5.8006,4.913284833
7/1/2013,EGY,EGP,Egypt,16.75,7.00915,2.38973342
7/1/2013,EUZ,EUR,Euro area,3.623870489,0.777756173,4.659391484
7/1/2013,GBR,GBP,Britain,2.69,0.669142494,4.020070499
7/1/2013,HKG,HKD,Hong Kong,17,7.75665,2.191667795
7/1/2013,HUN,HUF,Hungary,860,228.462,3.76430216
7/1/2013,IDN,IDR,Indonesia,27939,9965,2.803712995
7/1/2013,IND,INR,India,90,59.98,1.500500167
7/1/2013,ISR,ILS,Israel,17.5,3.64595,4.799846405
7/1/2013,JPN,JPY,Japan,320,100.105,3.196643524
7/1/2013,KOR,KRW,South Korea,3900,1135.7,3.434005459
7/1/2013,LKA,LKR,Sri Lanka,370,130.8,2.828746177
7/1/2013,MEX,MXN,Mexico,37,12.94115,2.859096757
7/1/2013,MYS,MYR,Malaysia,7.3,3.1805,2.295236598
7/1/2013,NOR,NOK,Norway,46,6.1281,7.506404922
7/1/2013,NZL,NZD,New Zealand,5.5,1.279344975,4.299075001
7/1/2013,PAK,PKR,Pakistan,300,100.035,2.998950367
7/1/2013,PER,PEN,Peru,10,2.783,3.5932447
7/1/2013,PHL,PHP,Philippines,115.21,43.44,2.652163904
7/1/2013,POL,PLN,Poland,9.2,3.3655,2.733620562
7/1/2013,RUS,RUB,Russia,87,32.9389,2.641253958
7/1/2013,SAU,SAR,Saudi Arabia,10,3.7502,2.666524452
7/1/2013,SGP,SGD,Singapore,4.7,1.2747,3.687142073
7/1/2013,SWE,SEK,Sweden,41.61,6.7583,6.15687377
7/1/2013,THA,THB,Thailand,89,31.275,2.845723421
7/1/2013,TUR,TRY,Turkey,8.5,1.95745,4.342384224
7/1/2013,TWN,TWD,Taiwan,79,30.0285,2.630834041
7/1/2013,UKR,UAH,Ukraine,19,8.155,2.329858982
7/1/2013,URY,UYU,Uruguay,105,21.085,4.979843491
7/1/2013,USA,USD,United States,4.556666667,1,4.556666667
7/1/2013,ZAF,ZAR,South Africa,22.5,10.04725,2.239418746
1/1/2014,ARE,AED,UAE,12,3.673,3.267084127
1/1/2014,ARG,ARS,Argentina,21,6.92125,3.034134008
1/1/2014,AUS,AUD,Australia,5.05,1.128859288,4.473542499
1/1/2014,BRA,BRL,Brazil,12.4,2.36305,5.247455619
1/1/2014,CAN,CAD,Canada,5.54,1.1051,5.013120985
1/1/2014,CHE,CHF,Switzerland,6.5,0.91005,7.1424647
1/1/2014,CHL,CLP,Chile,2000,541.95,3.690377341
1/1/2014,CHN,CNY,China,16.6,6.0513,2.743212202
1/1/2014,COL,COP,Colombia,8600,1982.795,4.337311724
1/1/2014,CRI,CRC,Costa Rica,2150,501.92,4.283551164
1/1/2014,CZE,CZK,Czech Republic,70.45,20.2838,3.473215078
1/1/2014,DNK,DKK,Denmark,28.5,5.5014,5.180499509
1/1/2014,EGY,EGP,Egypt,16.93,6.961,2.432121822
1/1/2014,EUZ,EUR,Euro area,3.657962724,0.737218475,4.961843535
1/1/2014,GBR,GBP,Britain,2.79,0.603009015,4.6267965
1/1/2014,HKG,HKD,Hong Kong,18,7.75785,2.320230476
1/1/2014,HUN,HUF,Hungary,860,223.09705,3.854824616
1/1/2014,IDN,IDR,Indonesia,27939,12140,2.301400329
1/1/2014,IND,INR,India,95,61.845,1.53609831
1/1/2014,ISR,ILS,Israel,17.5,3.4882,5.016914168
1/1/2014,JPN,JPY,Japan,310,104.245,2.97376373
1/1/2014,KOR,KRW,South Korea,3700,1067.3,3.466691652
1/1/2014,LKA,LKR,Sri Lanka,350,130.8,2.675840979
1/1/2014,MEX,MXN,Mexico,37,13.33275,2.775121412
1/1/2014,MYS,MYR,Malaysia,7.4,3.3235,2.226568377
1/1/2014,NOR,NOK,Norway,48,6.15745,7.795434798
1/1/2014,NZL,NZD,New Zealand,5.5,1.203007519,4.571874999
1/1/2014,PAK,PKR,Pakistan,320,105.415,3.035621117
1/1/2014,PER,PEN,Peru,10,2.8065,3.563156957
1/1/2014,PHL,PHP,Philippines,135,45.23,2.984744639
1/1/2014,POL,PLN,Poland,9.2,3.0684,2.998305306
1/1/2014,RUS,RUB,Russia,89,33.93925,2.62233255
1/1/2014,SAU,SAR,Saudi Arabia,11,3.7504,2.933020478
1/1/2014,SGP,SGD,Singapore,4.6,1.27885,3.596981663
1/1/2014,SWE,SEK,Sweden,40.7,6.47315,6.287510717
1/1/2014,THA,THB,Thailand,96,32.875,2.920152091
1/1/2014,TUR,TRY,Turkey,8.5,2.26155,3.758484225
1/1/2014,TWN,TWD,Taiwan,79,30.161,2.619276549
1/1/2014,UKR,UAH,Ukraine,19,8.379,2.267573696
1/1/2014,URY,UYU,Uruguay,105,21.38,4.911131899
1/1/2014,USA,USD,United States,4.624166667,1,4.624166667
1/1/2014,ZAF,ZAR,South Africa,23.5,10.87765,2.1603931
7/1/2014,ARE,AED,UAE,13,3.67305,3.539292958
7/1/2014,ARG,ARS,Argentina,21,8.16875,2.570772762
7/1/2014,AUS,AUD,Australia,5.1,1.059378145,4.814145
7/1/2014,BRA,BRL,Brazil,13,2.22025,5.855196487
7/1/2014,CAN,CAD,Canada,5.64,1.07405,5.251152181
7/1/2014,CHE,CHF,Switzerland,6.16,0.9024,6.826241135
7/1/2014,CHL,CLP,Chile,2100,564.14,3.722480235
7/1/2014,CHN,CNY,China,16.9,6.1983,2.726554055
7/1/2014,COL,COP,Colombia,8600,1847.65,4.654561199
7/1/2014,CRI,CRC,Costa Rica,2150,537.3,4.001488926
7/1/2014,CZE,CZK,Czech Republic,70.45,20.3877,3.455514845
7/1/2014,DNK,DKK,Denmark,28.5,5.5388,5.145518885
7/1/2014,EGY,EGP,Egypt,16.93,7.15005,2.36781561
7/1/2014,EUZ,EUR,Euro area,3.67923829,0.742748914,4.95354247
7/1/2014,GBR,GBP,Britain,2.89,0.586785589,4.925137996
7/1/2014,HKG,HKD,Hong Kong,18.8,7.75045,2.425665607
7/1/2014,HUN,HUF,Hungary,860,228.30615,3.766871808
7/1/2014,IDN,IDR,Indonesia,27939,11505,2.428422425
7/1/2014,IND,INR,India,105,60.08875,1.747415282
7/1/2014,ISR,ILS,Israel,17.5,3.4138,5.12625227
7/1/2014,JPN,JPY,Japan,370,101.53,3.644243081
7/1/2014,KOR,KRW,South Korea,4100,1023.75,4.004884005
7/1/2014,LKA,LKR,Sri Lanka,350,130.255,2.687036966
7/1/2014,MEX,MXN,Mexico,42,12.93255,3.247619379
7/1/2014,MYS,MYR,Malaysia,7.63,3.1675,2.408839779
7/1/2014,NOR,NOK,Norway,48,6.1873,7.757826516
7/1/2014,NZL,NZD,New Zealand,5.7,1.152737752,4.944750001
7/1/2014,PAK,PKR,Pakistan,300,98.68,3.040129712
7/1/2014,PER,PEN,Peru,10,2.788,3.586800574
7/1/2014,PHL,PHP,Philippines,160,43.205,3.703275084
7/1/2014,POL,PLN,Poland,9.2,3.0714,2.995376701
7/1/2014,RUS,RUB,Russia,89,34.83725,2.554736668
7/1/2014,SAU,SAR,Saudi Arabia,11,3.75035,2.933059581
7/1/2014,SGP,SGD,Singapore,4.7,1.238,3.79644588
7/1/2014,SWE,SEK,Sweden,40.7,6.836,5.953774137
7/1/2014,THA,THB,Thailand,99,31.78,3.115166772
7/1/2014,TUR,TRY,Turkey,9.25,2.09125,4.423191871
7/1/2014,TWN,TWD,Taiwan,79,29.982,2.634914282
7/1/2014,UKR,UAH,Ukraine,19,11.685,1.62601626
7/1/2014,URY,UYU,Uruguay,113,22.97,4.919460165
7/1/2014,USA,USD,United States,4.795,1,4.795
7/1/2014,VNM,VND,Vietnam,60000,21230,2.826189355
7/1/2014,ZAF,ZAR,South Africa,24.5,10.5145,2.330115555
1/1/2015,ARE,AED,UAE,13,3.67305,3.539292958
1/1/2015,ARG,ARS,Argentina,28,8.61,3.25203252
1/1/2015,AUS,AUD,Australia,5.3,1.227219734,4.318704999
1/1/2015,BRA,BRL,Brazil,13.5,2.59275,5.206826728
1/1/2015,CAN,CAD,Canada,5.7,1.22855,4.639615807
1/1/2015,CHE,CHF,Switzerland,6.5,0.86165,7.543666222
1/1/2015,CHL,CLP,Chile,2100,627.485,3.346693546
1/1/2015,CHN,CNY,China,17.2,6.2115,2.769057394
1/1/2015,COL,COP,Colombia,7900,2364.98,3.340408798
1/1/2015,CRI,CRC,Costa Rica,2150,536.09,4.010520622
1/1/2015,CZE,CZK,Czech Republic,70.45,24.13325,2.919208975
1/1/2015,DNK,DKK,Denmark,34.5,6.4174,5.376008976
1/1/2015,EGY,EGP,Egypt,16.93,7.35005,2.303385691
1/1/2015,EUZ,EUR,Euro area,3.68,0.863073404,4.263832002
1/1/2015,GBR,GBP,Britain,2.89,0.661594443,4.368234997
1/1/2015,HKG,HKD,Hong Kong,18.8,7.75135,2.425383965
1/1/2015,HUN,HUF,Hungary,860,271.39345,3.168831083
1/1/2015,IDN,IDR,Indonesia,27939,12480,2.238701923
1/1/2015,IND,INR,India,116.25,61.615,1.886715897
1/1/2015,ISR,ILS,Israel,17.5,3.93415,4.448228969
1/1/2015,JPN,JPY,Japan,370,117.765,3.141850295
1/1/2015,KOR,KRW,South Korea,4100,1083.3,3.784731838
1/1/2015,LKA,LKR,Sri Lanka,350,131.875,2.654028436
1/1/2015,MEX,MXN,Mexico,49,14.6275,3.349854726
1/1/2015,MYS,MYR,Malaysia,7.63,3.6155,2.11035818
1/1/2015,NOR,NOK,Norway,48,7.6225,6.297146605
1/1/2015,NZL,NZD,New Zealand,5.9,1.313283866,4.492555001
1/1/2015,PAK,PKR,Pakistan,300,100.735,2.978110885
1/1/2015,PER,PEN,Peru,10,3.008,3.324468085
1/1/2015,PHL,PHP,Philippines,163,44.41,3.670344517
1/1/2015,POL,PLN,Poland,9.2,3.7066,2.48205903
1/1/2015,RUS,RUB,Russia,89,65.227,1.364465635
1/1/2015,SAU,SAR,Saudi Arabia,11,3.7569,2.927945913
1/1/2015,SGP,SGD,Singapore,4.7,1.33315,3.525484754
1/1/2015,SWE,SEK,Sweden,40.7,8.19145,4.968595304
1/1/2015,THA,THB,Thailand,99,32.605,3.036344119
1/1/2015,TUR,TRY,Turkey,9.25,2.33345,3.96408751
1/1/2015,TWN,TWD,Taiwan,79,31.493,2.508493951
1/1/2015,UKR,UAH,Ukraine,19,15.822,1.200859563
1/1/2015,URY,UYU,Uruguay,113,24.425,4.626407369
1/1/2015,USA,USD,United States,4.79,1,4.79
1/1/2015,VNM,VND,Vietnam,60000,21380,2.806361085
1/1/2015,ZAF,ZAR,South Africa,25.5,11.47875,2.221496243
7/1/2015,ARE,AED,UAE,13,3.67295,3.539389319
7/1/2015,ARG,ARS,Argentina,28,9.135,3.0651341
7/1/2015,AUS,AUD,Australia,5.3,1.35126005,3.922265
7/1/2015,BRA,BRL,Brazil,13.5,3.15235,4.28251939
7/1/2015,CAN,CAD,Canada,5.85,1.2897,4.53593859
7/1/2015,CHE,CHF,Switzerland,6.5,0.9528,6.821998321
7/1/2015,CHL,CLP,Chile,2100,642.45,3.268736867
7/1/2015,CHN,CNY,China,17,6.2092,2.737872834
7/1/2015,COL,COP,Colombia,7900,2708.9,2.916312895
7/1/2015,CRI,CRC,Costa Rica,2150,533.3,4.031501969
7/1/2015,CZE,CZK,Czech Republic,70,24.70225,2.833749962
7/1/2015,DNK,DKK,Denmark,34.59,6.81105,5.078512124
7/1/2015,EGY,EGP,Egypt,16.93,7.83005,2.162182872
7/1/2015,EUZ,EUR,Euro area,3.7,0.912700224,4.053904998
7/1/2015,GBR,GBP,Britain,2.89,0.640450877,4.512446003
7/1/2015,HKG,HKD,Hong Kong,19.2,7.7508,2.477163648
7/1/2015,HUN,HUF,Hungary,900,282.8778,3.18158583
7/1/2015,IDN,IDR,Indonesia,30500,13344.5,2.285585822
7/1/2015,IND,INR,India,116.25,63.43,1.832728993
7/1/2015,ISR,ILS,Israel,17.5,3.77835,4.631651382
7/1/2015,JPN,JPY,Japan,370,123.935,2.985435914
7/1/2015,KOR,KRW,South Korea,4300,1143.5,3.760384784
7/1/2015,LKA,LKR,Sri Lanka,350,133.85,2.614867389
7/1/2015,MEX,MXN,Mexico,49,15.73975,3.113137121
7/1/2015,MYS,MYR,Malaysia,7.65,3.8065,2.009720215
7/1/2015,NOR,NOK,Norway,46,8.14255,5.649335896
7/1/2015,NZL,NZD,New Zealand,5.9,1.509092281,3.909635
7/1/2015,PAK,PKR,Pakistan,350,101.7,3.441494592
7/1/2015,PER,PEN,Peru,10,3.1835,3.141196796
7/1/2015,PHL,PHP,Philippines,163,45.2125,3.605197678
7/1/2015,POL,PLN,Poland,9.6,3.7736,2.543989824
7/1/2015,RUS,RUB,Russia,107,56.815,1.883305465
7/1/2015,SAU,SAR,Saudi Arabia,12,3.75055,3.199530735
7/1/2015,SGP,SGD,Singapore,4.7,1.3664,3.43969555
7/1/2015,SWE,SEK,Sweden,43.7,8.52265,5.127513156
7/1/2015,THA,THB,Thailand,108,34.0875,3.168316832
7/1/2015,TUR,TRY,Turkey,10.25,2.6457,3.874210984
7/1/2015,TWN,TWD,Taiwan,79,31.02,2.546744036
7/1/2015,UKR,UAH,Ukraine,34,21.95,1.548974943
7/1/2015,URY,UYU,Uruguay,113,27.345,4.13238252
7/1/2015,USA,USD,United States,4.79,1,4.79
7/1/2015,VNM,VND,Vietnam,60000,21810,2.751031637
7/1/2015,ZAF,ZAR,South Africa,26,12.41455,2.094316749
1/1/2016,ARE,AED,UAE,13,3.6731,3.53924478
1/1/2016,ARG,ARS,Argentina,33,13.80925,2.389702554
1/1/2016,AUS,AUD,Australia,5.3,1.415728746,3.743655001
1/1/2016,BRA,BRL,Brazil,13.5,4.0248,3.354203936
1/1/2016,CAN,CAD,Canada,5.84,1.4092,4.144195288
1/1/2016,CHE,CHF,Switzerland,6.5,1.0088,6.443298969
1/1/2016,CHL,CLP,Chile,2100,715.215,2.93618003
1/1/2016,CHN,CNY,China,17.6,6.5582,2.6836632
1/1/2016,COL,COP,Colombia,7900,3253.9,2.427855804
1/1/2016,CRI,CRC,Costa Rica,2150,535.25,4.016814573
1/1/2016,CZE,CZK,Czech Republic,75,25.1442,2.982795237
1/1/2016,DNK,DKK,Denmark,30,6.9405,4.322455155
1/1/2016,EGY,EGP,Egypt,16.93,7.83005,2.162182872
1/1/2016,EUZ,EUR,Euro area,3.72,0.930232558,3.999000001
1/1/2016,GBR,GBP,Britain,2.89,0.684532977,4.221856502
1/1/2016,HKG,HKD,Hong Kong,19.2,7.75235,2.476668365
1/1/2016,HUN,HUF,Hungary,900,292.67905,3.075040731
1/1/2016,IDN,IDR,Indonesia,30500,13947.5,2.186771823
1/1/2016,IND,INR,India,127,66.8025,1.901126455
1/1/2016,ISR,ILS,Israel,16.9,3.94105,4.288197308
1/1/2016,JPN,JPY,Japan,370,118.645,3.118546926
1/1/2016,KOR,KRW,South Korea,4300,1197.75,3.590064705
1/1/2016,LKA,LKR,Sri Lanka,350,144.05,2.429711906
1/1/2016,MEX,MXN,Mexico,49,17.43675,2.810156709
1/1/2016,MYS,MYR,Malaysia,8,4.3925,1.821286283
1/1/2016,NOR,NOK,Norway,46.8,8.97465,5.214688038
1/1/2016,NZL,NZD,New Zealand,5.9,1.508068165,3.912289999
1/1/2016,PAK,PKR,Pakistan,300,104.885,2.86027554
1/1/2016,PER,PEN,Peru,10,3.418,2.925687537
1/1/2016,PHL,PHP,Philippines,131,47.0225,2.785900367
1/1/2016,POL,PLN,Poland,9.6,4.0477,2.371717272
1/1/2016,RUS,RUB,Russia,114,74.655,1.527024312
1/1/2016,SAU,SAR,Saudi Arabia,12,3.7543,3.196334869
1/1/2016,SGP,SGD,Singapore,4.7,1.43725,3.270133936
1/1/2016,SWE,SEK,Sweden,45,8.60185,5.231432773
1/1/2016,THA,THB,Thailand,112,36.22,3.092214246
1/1/2016,TUR,TRY,Turkey,10.25,3.0096,3.405768208
1/1/2016,TWN,TWD,Taiwan,69,33.2315,2.076343229
1/1/2016,UKR,UAH,Ukraine,36,23.35,1.541755889
1/1/2016,URY,UYU,Uruguay,113,30.185,3.743581249
1/1/2016,USA,USD,United States,4.93,1,4.93
1/1/2016,VNM,VND,Vietnam,60000,22467.5,2.67052409
1/1/2016,ZAF,ZAR,South Africa,28,15.81375,1.770611019
7/1/2016,ARE,AED,UAE,13,3.6731,3.53924478
7/1/2016,ARG,ARS,Argentina,50,14.935,3.347840643
7/1/2016,AUS,AUD,Australia,5.75,1.335737661,4.3047375
7/1/2016,BRA,BRL,Brazil,15.5,3.24145,4.781810609
7/1/2016,CAN,CAD,Canada,6,1.303,4.60475825
7/1/2016,CHE,CHF,Switzerland,6.5,0.9861,6.591623568
7/1/2016,CHL,CLP,Chile,2300,651.12,3.532374985
7/1/2016,CHN,CNY,China,18.6,6.678,2.785265049
7/1/2016,COL,COP,Colombia,8900,2929,3.03857972
7/1/2016,CRI,CRC,Costa Rica,2250,546.39,4.117937737
7/1/2016,CZE,CZK,Czech Republic,75,24.54655,3.055419193
7/1/2016,DNK,DKK,Denmark,30,6.75715,4.439741607
7/1/2016,EGY,EGP,Egypt,23,8.87995,2.590104674
7/1/2016,EUZ,EUR,Euro area,3.82,0.908306463,4.205628998
7/1/2016,GBR,GBP,Britain,2.99,0.758840492,3.940221999
7/1/2016,HKG,HKD,Hong Kong,19.2,7.7554,2.475694355
7/1/2016,HUN,HUF,Hungary,900,285.6397,3.150822522
7/1/2016,IDN,IDR,Indonesia,31000,13112.5,2.364156339
7/1/2016,IND,INR,India,162,67.2,2.410714286
7/1/2016,ISR,ILS,Israel,16.9,3.85875,4.379656625
7/1/2016,JPN,JPY,Japan,370,106.725,3.466854064
7/1/2016,KOR,KRW,South Korea,4400,1140.95,3.856435427
7/1/2016,LKA,LKR,Sri Lanka,530,146.2,3.625170999
7/1/2016,MEX,MXN,Mexico,44,18.535,2.37388724
7/1/2016,MYS,MYR,Malaysia,8,4.027,1.986590514
7/1/2016,NOR,NOK,Norway,46.8,8.49355,5.510063519
7/1/2016,NZL,NZD,New Zealand,6,1.421363087,4.221300001
7/1/2016,PAK,PKR,Pakistan,375,104.82,3.577561534
7/1/2016,PER,PEN,Peru,10,3.30585,3.024940636
7/1/2016,PHL,PHP,Philippines,133,47.115,2.822880187
7/1/2016,POL,PLN,Poland,9.6,3.96565,2.420788521
7/1/2016,RUS,RUB,Russia,130,63.40755,2.050229034
7/1/2016,SAU,SAR,Saudi Arabia,12,3.7505,3.19957339
7/1/2016,SGP,SGD,Singapore,5.45,1.3577,4.014141563
7/1/2016,SWE,SEK,Sweden,44.94,8.59485,5.228712543
7/1/2016,THA,THB,Thailand,119,34.965,3.403403403
7/1/2016,TUR,TRY,Turkey,10.75,3.04305,3.53263995
7/1/2016,TWN,TWD,Taiwan,69,32.029,2.154297668
7/1/2016,UKR,UAH,Ukraine,39,24.8,1.572580645
7/1/2016,URY,UYU,Uruguay,123,30.165,4.077573347
7/1/2016,USA,USD,United States,5.04,1,5.04
7/1/2016,VNM,VND,Vietnam,60000,22300,2.69058296
7/1/2016,ZAF,ZAR,South Africa,30,14.27375,2.101760224
1/1/2017,ARE,AED,UAE,13,3.673,3.539341138
1/1/2017,ARG,ARS,Argentina,55,15.8575,3.468390352
1/1/2017,AUS,AUD,Australia,5.8,1.356668023,4.275180001
1/1/2017,BRA,BRL,Brazil,16.5,3.22395,5.117945378
1/1/2017,CAN,CAD,Canada,5.98,1.326,4.509803922
1/1/2017,CHE,CHF,Switzerland,6.5,1.0236,6.350136772
1/1/2017,CHL,CLP,Chile,2450,672.805,3.641471154
1/1/2017,CHN,CNY,China,19.6,6.9266,2.829671123
1/1/2017,COL,COP,Colombia,9900,2994.625,3.305923112
1/1/2017,CRI,CRC,Costa Rica,2250,554.33,4.058954053
1/1/2017,CZE,CZK,Czech Republic,75,25.81175,2.905653433
1/1/2017,DNK,DKK,Denmark,30,7.10125,4.224608344
1/1/2017,EGY,EGP,Egypt,27.49,18.77,1.464571124
1/1/2017,EUZ,EUR,Euro area,3.88,0.955246692,4.061778002
1/1/2017,GBR,GBP,Britain,3.09,0.82877507,3.728394002
1/1/2017,HKG,HKD,Hong Kong,19.2,7.75595,2.475518795
1/1/2017,HUN,HUF,Hungary,900,294.6172,3.054811464
1/1/2017,IDN,IDR,Indonesia,31000,13329,2.325755871
1/1/2017,IND,INR,India,170,68.3275,2.48801727
1/1/2017,ISR,ILS,Israel,16.9,3.855,4.383916991
1/1/2017,JPN,JPY,Japan,380,116.665,3.257189388
1/1/2017,KOR,KRW,South Korea,4400,1196.45,3.677546074
1/1/2017,LKA,LKR,Sri Lanka,550,150.06,3.665200586
1/1/2017,MEX,MXN,Mexico,49,21.9505,2.232295392
1/1/2017,MYS,MYR,Malaysia,8,4.4715,1.7891088
1/1/2017,NOR,NOK,Norway,49,8.64835,5.665820648
1/1/2017,NZL,NZD,New Zealand,6,1.43358899,4.1853
1/1/2017,PAK,PKR,Pakistan,375,104.775,3.579098067
1/1/2017,PER,PEN,Peru,11,3.3929,3.242064311
1/1/2017,PHL,PHP,Philippines,133,49.615,2.680640935
1/1/2017,POL,PLN,Poland,9.6,4.17215,2.300971921
1/1/2017,RUS,RUB,Russia,130,60.4375,2.15098242
1/1/2017,SAU,SAR,Saudi Arabia,12,3.75065,3.199445429
1/1/2017,SGP,SGD,Singapore,5.6,1.43875,3.892267593
1/1/2017,SWE,SEK,Sweden,48,9.12455,5.260533396
1/1/2017,THA,THB,Thailand,119,35.573,3.345233745
1/1/2017,TUR,TRY,Turkey,10.75,3.91115,2.748552216
1/1/2017,TWN,TWD,Taiwan,69,31.905,2.162670428
1/1/2017,UKR,UAH,Ukraine,42,27.235,1.542133284
1/1/2017,URY,UYU,Uruguay,125,28.725,4.351610096
1/1/2017,USA,USD,United States,5.06,1,5.06
1/1/2017,VNM,VND,Vietnam,60000,22572,2.658160553
1/1/2017,ZAF,ZAR,South Africa,26.32,13.9525,1.886400287
7/1/2017,ARE,AED,UAE,14,3.673,3.811598149
7/1/2017,ARG,ARS,Argentina,70,16.9675,4.125534109
7/1/2017,AUS,AUD,Australia,5.9,1.303016483,4.527955001
7/1/2017,BRA,BRL,Brazil,16.5,3.2343,5.101567573
7/1/2017,CAN,CAD,Canada,5.97,1.2823,4.655696795
7/1/2017,CHE,CHF,Switzerland,6.5,0.96415,6.741689571
7/1/2017,CHL,CLP,Chile,2550,663.355,3.844095545
7/1/2017,CHN,CNY,China,19.8,6.7875,2.917127072
7/1/2017,COL,COP,Colombia,9900,3052.16,3.243604529
7/1/2017,CRI,CRC,Costa Rica,2290,572.495,4.000034935
7/1/2017,CZE,CZK,Czech Republic,75,22.8561,3.281399714
7/1/2017,DNK,DKK,Denmark,30,6.51255,4.606490545
7/1/2017,EGY,EGP,Egypt,31.37,17.885,1.753983785
7/1/2017,EUZ,EUR,Euro area,3.91,0.875695083,4.4650245
7/1/2017,GBR,GBP,Britain,3.19,0.775885479,4.111431502
7/1/2017,HKG,HKD,Hong Kong,19.2,7.8115,2.457914613
7/1/2017,HUN,HUF,Hungary,862,268.6239,3.208947528
7/1/2017,IDN,IDR,Indonesia,32126,13369.5,2.402932047
7/1/2017,IND,INR,India,178,64.5575,2.757231925
7/1/2017,ISR,ILS,Israel,16.9,3.5405,4.773337099
7/1/2017,JPN,JPY,Japan,380,113.06,3.361047232
7/1/2017,KOR,KRW,South Korea,4400,1144.65,3.843969772
7/1/2017,LKA,LKR,Sri Lanka,580,153.725,3.772971215
7/1/2017,MEX,MXN,Mexico,49,17.79075,2.754240265
7/1/2017,MYS,MYR,Malaysia,8.6,4.2935,2.003027833
7/1/2017,NOR,NOK,Norway,49,8.2852,5.914160189
7/1/2017,NZL,NZD,New Zealand,6.1,1.376273053,4.432259999
7/1/2017,PAK,PKR,Pakistan,375,105.15,3.566333809
7/1/2017,PER,PEN,Peru,10.5,3.2515,3.229278794
7/1/2017,PHL,PHP,Philippines,134,50.5765,2.649451821
7/1/2017,POL,PLN,Poland,10.1,3.7086,2.723399666
7/1/2017,RUS,RUB,Russia,137,60.1369,2.278135388
7/1/2017,SAU,SAR,Saudi Arabia,12,3.75015,3.199872005
7/1/2017,SGP,SGD,Singapore,5.6,1.3777,4.06474559
7/1/2017,SWE,SEK,Sweden,48.97,8.41565,5.818920701
7/1/2017,THA,THB,Thailand,119,34.0365,3.496246676
7/1/2017,TUR,TRY,Turkey,10.75,3.57605,3.006110094
7/1/2017,TWN,TWD,Taiwan,69,30.4775,2.26396522
7/1/2017,UKR,UAH,Ukraine,44,25.915,1.697858383
7/1/2017,URY,UYU,Uruguay,130,28.705,4.52882773
7/1/2017,USA,USD,United States,5.3,1,5.3
7/1/2017,VNM,VND,Vietnam,60000,22732.5,2.63939294
7/1/2017,ZAF,ZAR,South Africa,30,13.27,2.260738508
1/1/2018,ARE,AED,UAE,14,3.673,3.811598149
1/1/2018,ARG,ARS,Argentina,75,18.9375,3.96039604
1/1/2018,AUS,AUD,Australia,5.9,1.253682693,4.706135
1/1/2018,BRA,BRL,Brazil,16.5,3.2279,5.111682518
1/1/2018,CAN,CAD,Canada,6.55,1.2459,5.25724376
1/1/2018,CHE,CHF,Switzerland,6.5,0.96085,6.764843628
1/1/2018,CHL,CLP,Chile,2600,605.935,4.290889287
1/1/2018,CHN,CNY,China,20.4,6.432,3.171641791
1/1/2018,COL,COP,Colombia,10900,2844.12,3.832468391
1/1/2018,CRI,CRC,Costa Rica,2290,568.53,4.027931683
1/1/2018,CZE,CZK,Czech Republic,79,20.747,3.807779438
1/1/2018,DNK,DKK,Denmark,30,6.0827,4.93202032
1/1/2018,EGY,EGP,Egypt,34.21,17.7,1.932768362
1/1/2018,EUZ,EUR,Euro area,3.95,0.816826629,4.835787497
1/1/2018,GBR,GBP,Britain,3.19,0.72285673,4.413045999
1/1/2018,HKG,HKD,Hong Kong,20.5,7.819,2.621818647
1/1/2018,HUN,HUF,Hungary,864,252.14215,3.426638505
1/1/2018,IDN,IDR,Indonesia,35750,13359,2.67609851
1/1/2018,IND,INR,India,180,63.86125,2.81861066
1/1/2018,ISR,ILS,Israel,16.5,3.43635,4.801606356
1/1/2018,JPN,JPY,Japan,380,110.725,3.431925943
1/1/2018,KOR,KRW,South Korea,4400,1069.25,4.115033902
1/1/2018,LKA,LKR,Sri Lanka,580,153.8,3.771131339
1/1/2018,MEX,MXN,Mexico,48,18.6635,2.57186487
1/1/2018,MYS,MYR,Malaysia,9,3.954,2.276176024
1/1/2018,NOR,NOK,Norway,49,7.8501,6.241958701
1/1/2018,NZL,NZD,New Zealand,6.2,1.374664925,4.510190001
1/1/2018,PAK,PKR,Pakistan,375,110.505,3.393511606
1/1/2018,PER,PEN,Peru,10.5,3.212,3.268991283
1/1/2018,PHL,PHP,Philippines,134,50.725,2.641695416
1/1/2018,POL,PLN,Poland,10.1,3.40575,2.965572928
1/1/2018,RUS,RUB,Russia,130,56.745,2.290950745
1/1/2018,SAU,SAR,Saudi Arabia,12,3.7503,3.19974402
1/1/2018,SGP,SGD,Singapore,5.8,1.32255,4.385467468
1/1/2018,SWE,SEK,Sweden,49.1,8.0188,6.12311069
1/1/2018,THA,THB,Thailand,119,31.95,3.72456964
1/1/2018,TUR,TRY,Turkey,10.75,3.8026,2.827013096
1/1/2018,TWN,TWD,Taiwan,69,29.553,2.334788346
1/1/2018,UKR,UAH,Ukraine,47,28.715,1.636775205
1/1/2018,URY,UYU,Uruguay,140,28.58,4.898530441
1/1/2018,USA,USD,United States,5.28,1,5.28
1/1/2018,VNM,VND,Vietnam,65000,22711.5,2.861986218
1/1/2018,ZAF,ZAR,South Africa,30,12.25815,2.447351354
7/1/2018,ARE,AED,United Arab Emirates,14,3.67315,3.811442495
7/1/2018,ARG,ARS,Argentina,75,27.725,2.705139766
7/1/2018,AUS,AUD,Australia,6.05,1.339853956,4.5154175
7/1/2018,AZE,AZN,Azerbaijan,3.95,1.70175,2.321140003
7/1/2018,BHR,BHD,Bahrain,1.2,0.37955,3.161638783
7/1/2018,BRA,BRL,Brazil,16.9,3.83835,4.402933552
7/1/2018,CAN,CAD,Canada,6.65,1.31235,5.06724578
7/1/2018,CHE,CHF,Switzerland,6.5,0.99325,6.544173169
7/1/2018,CHL,CLP,Chile,2640,651.73,4.050757215
7/1/2018,CHN,CNY,China,20.5,6.622,3.095741468
7/1/2018,COL,COP,Colombia,11900,2874.07,4.140469787
7/1/2018,CRI,CRC,Costa Rica,2290,567.8,4.03311025
7/1/2018,CZE,CZK,Czech Republic,75,22.06475,3.399086779
7/1/2018,DNK,DKK,Denmark,30,6.3591,4.717648724
7/1/2018,EGY,EGP,Egypt,31.37,17.905,1.752024574
7/1/2018,EUZ,EUR,Euro area,4.04,0.853205921,4.735082
7/1/2018,GBR,GBP,Britain,3.19,0.753863551,4.231535
7/1/2018,GTM,GTQ,Guatemala,25,7.4871,3.339076545
7/1/2018,HKG,HKD,Hong Kong,20,7.84825,2.548338802
7/1/2018,HND,HNL,Honduras,85,23.9926,3.542759017
7/1/2018,HRV,HRK,Croatia,21,6.31275,3.326600927
7/1/2018,HUN,HUF,Hungary,850,276.4302,3.074917285
7/1/2018,IDN,IDR,Indonesia,31500,14360,2.193593315
7/1/2018,IND,INR,India,173,68.825,2.513621504
7/1/2018,ISR,ILS,Israel,17,3.6349,4.676882445
7/1/2018,JOR,JOD,Jordan,1.95,0.71005,2.746285473
7/1/2018,JPN,JPY,Japan,390,111.25,3.505617978
7/1/2018,KOR,KRW,South Korea,4500,1116,4.032258065
7/1/2018,KWT,KWD,Kuwait,1.05,0.3025,3.47107438
7/1/2018,LBN,LBP,Lebanon,6500,1511,4.301786896
7/1/2018,LKA,LKR,Sri Lanka,580,159.27,3.641614868
7/1/2018,MDA,MDL,Moldova,43,16.6526,2.582179359
7/1/2018,MEX,MXN,Mexico,49,19.0515,2.57197596
7/1/2018,MYS,MYR,Malaysia,8.45,4.0225,2.100683654
7/1/2018,NIC,NIO,Nicaragua,103,31.5872,3.260814507
7/1/2018,NOR,NOK,Norway,42,8.0415,5.222906174
7/1/2018,NZL,NZD,New Zealand,6.2,1.464343242,4.23398
7/1/2018,OMN,OMR,Oman,1.05,0.385,2.727272727
7/1/2018,PAK,PKR,Pakistan,375,121.49,3.0866738
7/1/2018,PER,PEN,Peru,10.5,3.2715,3.20953691
7/1/2018,PHL,PHP,Philippines,140,53.487,2.617458448
7/1/2018,POL,PLN,Poland,10.1,3.68695,2.739391638
7/1/2018,QAT,QAR,Qatar,12,3.641,3.295797858
7/1/2018,ROU,RON,Romania,9.2,3.97325,2.315484805
7/1/2018,RUS,RUB,Russia,130,62.14065,2.092028326
7/1/2018,SAU,SAR,Saudi Arabia,12,3.7504,3.199658703
7/1/2018,SGP,SGD,Singapore,5.8,1.35585,4.277759339
7/1/2018,SWE,SEK,Sweden,51,8.7526,5.826840025
7/1/2018,THA,THB,Thailand,119,33.17,3.587579138
7/1/2018,TUR,TRY,Turkey,10.75,4.70625,2.284196547
7/1/2018,TWN,TWD,Taiwan,69,30.3725,2.271791917
7/1/2018,UKR,UAH,Ukraine,50,26.199,1.908469789
7/1/2018,URY,UYU,Uruguay,140,31.31,4.471414883
7/1/2018,USA,USD,United States,5.51,1,5.51
7/1/2018,VNM,VND,Vietnam,65000,23039.5,2.82124178
7/1/2018,ZAF,ZAR,South Africa,31,13.3619,2.320029337
1/1/2019,ARE,AED,United Arab Emirates,14,3.67315,3.811442495
1/1/2019,ARG,ARS,Argentina,75,37.455,2.002402883
1/1/2019,AUS,AUD,Australia,6.1,1.401639919,4.352045
1/1/2019,AZE,AZN,Azerbaijan,3.95,1.6965,2.328323018
1/1/2019,BHR,BHD,Bahrain,1.2,0.377,3.183023873
1/1/2019,BRA,BRL,Brazil,16.9,3.71795,4.545515674
1/1/2019,CAN,CAD,Canada,6.77,1.3314,5.084873066
1/1/2019,CHE,CHF,Switzerland,6.5,0.98165,6.62150461
1/1/2019,CHL,CLP,Chile,2640,678.99,3.888127955
1/1/2019,CHN,CNY,China,20.9,6.8497,3.051228521
1/1/2019,COL,COP,Colombia,11900,3191.5,3.728654238
1/1/2019,CRI,CRC,Costa Rica,2290,606.975,3.772807776
1/1/2019,CZE,CZK,Czech Republic,85,22.31165,3.80966894
1/1/2019,DNK,DKK,Denmark,30,6.51545,4.604440215
1/1/2019,EGY,EGP,Egypt,40,17.91,2.233389168
1/1/2019,EUZ,EUR,Euro area,4.05,0.872486149,4.6419075
1/1/2019,GBR,GBP,Britain,3.19,0.78320802,4.072992
1/1/2019,GTM,GTQ,Guatemala,25,7.7283,3.234864071
1/1/2019,HKG,HKD,Hong Kong,20,7.83435,2.552860161
1/1/2019,HND,HNL,Honduras,85,24.3391,3.492323052
1/1/2019,HRV,HRK,Croatia,21,6.47885,3.241315974
1/1/2019,HUN,HUF,Hungary,850,280.26875,3.032803336
1/1/2019,IDN,IDR,Indonesia,33000,14090,2.342086586
1/1/2019,IND,INR,India,178,69.685,2.554351726
1/1/2019,ISR,ILS,Israel,17,3.70785,4.584867241
1/1/2019,JOR,JOD,Jordan,1.95,0.7096,2.748027057
1/1/2019,JPN,JPY,Japan,390,108.44,3.596458871
1/1/2019,KOR,KRW,South Korea,4500,1118.6,4.02288575
1/1/2019,KWT,KWD,Kuwait,1.05,0.3031,3.464203233
1/1/2019,LBN,LBP,Lebanon,6500,1507,4.313205043
1/1/2019,LKA,LKR,Sri Lanka,580,182.245,3.182529013
1/1/2019,MDA,MDL,Moldova,40,17.263,2.317094364
1/1/2019,MEX,MXN,Mexico,49,19.30875,2.537709588
1/1/2019,MYS,MYR,Malaysia,9.05,4.1175,2.197935641
1/1/2019,NIC,NIO,Nicaragua,103,32.3607,3.182873053
1/1/2019,NOR,NOK,Norway,50,8.5329,5.859672561
1/1/2019,NZL,NZD,New Zealand,6.2,1.479289941,4.1912
1/1/2019,OMN,OMR,Oman,1.05,0.3849,2.727981294
1/1/2019,PAK,PKR,Pakistan,460,138.88,3.312211982
1/1/2019,PER,PEN,Peru,10.5,3.3485,3.135732418
1/1/2019,PHL,PHP,Philippines,140,52.3925,2.672138188
1/1/2019,POL,PLN,Poland,10.5,3.74845,2.801157812
1/1/2019,QAT,QAR,Qatar,12,3.64125,3.295571576
1/1/2019,ROU,RON,Romania,9.3,4.06695,2.286725925
1/1/2019,RUS,RUB,Russia,110.17,66.685,1.652095674
1/1/2019,SAU,SAR,Saudi Arabia,12,3.75115,3.199018968
1/1/2019,SGP,SGD,Singapore,5.8,1.3559,4.277601593
1/1/2019,SWE,SEK,Sweden,52,8.90625,5.838596491
1/1/2019,THA,THB,Thailand,119,32.0075,3.717878622
1/1/2019,TUR,TRY,Turkey,10.75,5.3834,1.996879296
1/1/2019,TWN,TWD,Taiwan,69,30.803,2.240041554
1/1/2019,UKR,UAH,Ukraine,54,27.8,1.942446043
1/1/2019,URY,UYU,Uruguay,140,32.51,4.306367272
1/1/2019,USA,USD,United States,5.58,1,5.58
1/1/2019,VNM,VND,Vietnam,65000,23199,2.801844907
1/1/2019,ZAF,ZAR,South Africa,31,13.8675,2.235442582
7/9/2019,ARE,AED,United Arab Emirates,14.75,3.67315,4.015626914
7/9/2019,ARG,ARS,Argentina,120,41.8045,2.870504372
7/9/2019,AUS,AUD,Australia,6.15,1.443626389,4.260105
7/9/2019,AZE,AZN,Azerbaijan,3.95,1.6965,2.328323018
7/9/2019,BHR,BHD,Bahrain,1.4,0.377,3.713527851
7/9/2019,BRA,BRL,Brazil,17.5,3.8073,4.596433168
7/9/2019,CAN,CAD,Canada,6.77,1.31305,5.155934656
7/9/2019,CHE,CHF,Switzerland,6.5,0.99355,6.542197172
7/9/2019,CHL,CLP,Chile,2640,689.75,3.827473722
7/9/2019,CHN,CNY,China,21,6.8846,3.050286146
7/9/2019,COL,COP,Colombia,11900,3227,3.687635575
7/9/2019,CRI,CRC,Costa Rica,2290,581.935,3.935147396
7/9/2019,CZE,CZK,Czech Republic,85,22.7993,3.728184637
7/9/2019,DNK,DKK,Denmark,30,6.6593,4.504978001
7/9/2019,EGY,EGP,Egypt,42,16.615,2.527836293
7/9/2019,EUZ,EUR,Euro area,4.08,0.892339267,4.572252
7/9/2019,GBR,GBP,Britain,3.29,0.802181935,4.101314
7/9/2019,GTM,GTQ,Guatemala,25,7.6802,3.255123564
7/9/2019,HKG,HKD,Hong Kong,20.5,7.8105,2.624671916
7/9/2019,HND,HNL,Honduras,86,24.4834,3.512584037
7/9/2019,HRV,HRK,Croatia,22,6.5981,3.334293206
7/9/2019,HUN,HUF,Hungary,900,290.5412,3.097667388
7/9/2019,IDN,IDR,Indonesia,32000,14130,2.264685067
7/9/2019,IND,INR,India,183,68.5544,2.669412904
7/9/2019,ISR,ILS,Israel,17,3.5667,4.766310595
7/9/2019,JOR,JOD,Jordan,2.3,0.709,3.244005642
7/9/2019,JPN,JPY,Japan,390,108.765,3.585712316
7/9/2019,KOR,KRW,South Korea,4500,1180.55,3.811782644
7/9/2019,KWT,KWD,Kuwait,1.1,0.3045,3.612479475
7/9/2019,LBN,LBP,Lebanon,6500,1507,4.313205043
7/9/2019,LKA,LKR,Sri Lanka,640,175.675,3.643090935
7/9/2019,MDA,MDL,Moldova,43,17.8142,2.413804718
7/9/2019,MEX,MXN,Mexico,50,18.89525,2.646167688
7/9/2019,MYS,MYR,Malaysia,8.85,4.1425,2.136391068
7/9/2019,NIC,NIO,Nicaragua,110,33.1621,3.317039633
7/9/2019,NOR,NOK,Norway,42,8.65275,4.853948167
7/9/2019,NZL,NZD,New Zealand,6.4,1.513431706,4.2288
7/9/2019,OMN,OMR,Oman,1.21,0.385,3.142857143
7/9/2019,PAK,PKR,Pakistan,480,157.45,3.048586853
7/9/2019,PER,PEN,Peru,10.5,3.2868,3.194596568
7/9/2019,PHL,PHP,Philippines,142,51.3175,2.767087251
7/9/2019,POL,PLN,Poland,10.8,3.80775,2.836320662
7/9/2019,QAT,QAR,Qatar,13,3.64175,3.569712364
7/9/2019,ROU,RON,Romania,9.3,4.2192,2.204209329
7/9/2019,RUS,RUB,Russia,130,63.83875,2.036380725
7/9/2019,SAU,SAR,Saudi Arabia,13,3.75035,3.466343141
7/9/2019,SGP,SGD,Singapore,5.8,1.3613,4.260633218
7/9/2019,SWE,SEK,Sweden,51,9.47505,5.382557348
7/9/2019,THA,THB,Thailand,119,30.8275,3.860189766
7/9/2019,TUR,TRY,Turkey,13.99,5.722,2.444949318
7/9/2019,TWN,TWD,Taiwan,72,31.172,2.309765174
7/9/2019,UKR,UAH,Ukraine,57,25.6475,2.222438834
7/9/2019,URY,UYU,Uruguay,164,35.1695,4.663131406
7/9/2019,USA,USD,United States,5.74,1,5.74
7/9/2019,VNM,VND,Vietnam,65000,23231,2.79798545
7/9/2019,ZAF,ZAR,South Africa,31,14.175,2.186948854
1/14/2020,ARE,AED,United Arab Emirates,14.75,3.67315,4.015626914
1/14/2020,ARG,ARS,Argentina,171,60.0656,2.846887403
1/14/2020,AUS,AUD,Australia,6.45,1.449065353,4.451145
1/14/2020,AZE,AZN,Azerbaijan,3.95,1.6965,2.328323018
1/14/2020,BHR,BHD,Bahrain,1.4,0.377,3.713527851
1/14/2020,BRA,BRL,Brazil,19.9,4.1419,4.804558295
1/14/2020,CAN,CAD,Canada,6.77,1.30655,5.181585091
1/14/2020,CHE,CHF,Switzerland,6.5,0.96825,6.713142267
1/14/2020,CHL,CLP,Chile,2640,772.74,3.416414318
1/14/2020,CHN,CNY,China,21.5,6.885,3.122730574
1/14/2020,COL,COP,Colombia,11900,3287.625,3.619634234
1/14/2020,CRI,CRC,Costa Rica,2350,569.965,4.123060188
1/14/2020,CZE,CZK,Czech Republic,85,22.63095,3.755918333
1/14/2020,DNK,DKK,Denmark,30,6.71935,4.464717569
1/14/2020,EGY,EGP,Egypt,42,15.88,2.644836272
1/14/2020,EUZ,EUR,Euro area,4.12,0.899159286,4.582058
1/14/2020,GBR,GBP,Britain,3.39,0.76866905,4.4102205
1/14/2020,GTM,GTQ,Guatemala,25,7.7063,3.244098984
1/14/2020,HKG,HKD,Hong Kong,20.5,7.77535,2.636537262
1/14/2020,HND,HNL,Honduras,87,24.6548,3.52872463
1/14/2020,HRV,HRK,Croatia,22,6.6965,3.28529829
1/14/2020,HUN,HUF,Hungary,900,298.7502,3.012550284
1/14/2020,IDN,IDR,Indonesia,33000,13670,2.414045355
1/14/2020,IND,INR,India,188,70.87815,2.652439433
1/14/2020,ISR,ILS,Israel,17,3.4595,4.914004914
1/14/2020,JOR,JOD,Jordan,2.3,0.709,3.244005642
1/14/2020,JPN,JPY,Japan,390,110.04,3.544165758
1/14/2020,KOR,KRW,South Korea,4500,1156.1,3.892396851
1/14/2020,KWT,KWD,Kuwait,1.1,0.3034,3.625576796
1/14/2020,LBN,LBP,Lebanon,6500,1514,4.29326288
1/14/2020,LKA,LKR,Sri Lanka,580,181.45,3.196472858
1/14/2020,MDA,MDL,Moldova,45,17.42,2.583237658
1/14/2020,MEX,MXN,Mexico,50,18.8205,2.656677559
1/14/2020,MYS,MYR,Malaysia,9.5,4.0745,2.331574426
1/14/2020,NIC,NIO,Nicaragua,120,33.8763,3.542299484
1/14/2020,NOR,NOK,Norway,53,8.87515,5.971730055
1/14/2020,NZL,NZD,New Zealand,6.5,1.513546239,4.29455
1/14/2020,OMN,OMR,Oman,1.155,0.38505,2.99961044
1/14/2020,PAK,PKR,Pakistan,520,154.875,3.357546408
1/14/2020,PER,PEN,Peru,11.9,3.3276,3.57615098
1/14/2020,PHL,PHP,Philippines,142,50.58,2.807433768
1/14/2020,POL,PLN,Poland,11,3.7966,2.897329189
1/14/2020,QAT,QAR,Qatar,13,3.641,3.570447679
1/14/2020,ROU,RON,Romania,9.5,4.2982,2.210227537
1/14/2020,RUS,RUB,Russia,135,61.4325,2.197533879
1/14/2020,SAU,SAR,Saudi Arabia,13,3.7518,3.465003465
1/14/2020,SGP,SGD,Singapore,5.9,1.34715,4.379616227
1/14/2020,SWE,SEK,Sweden,51.5,9.4591,5.444492605
1/14/2020,THA,THB,Thailand,115,30.2775,3.798199983
1/14/2020,TUR,TRY,Turkey,12.99,5.88025,2.20908975
1/14/2020,TWN,TWD,Taiwan,72,29.8845,2.409275711
1/14/2020,UKR,UAH,Ukraine,57,23.99,2.375989996
1/14/2020,URY,UYU,Uruguay,179,37.435,4.781621477
1/14/2020,USA,USD,United States,5.67,1,5.67
1/14/2020,VNM,VND,Vietnam,66000,23176,2.847773559
1/14/2020,ZAF,ZAR,South Africa,31,14.391,2.154124105
7/1/2020,ARE,AED,United Arab Emirates,14.75,3.67295,4.015845574
7/1/2020,ARG,ARS,Argentina,250,71.24065,3.50923244
7/1/2020,AUS,AUD,Australia,6.55,1.430615165,4.57845
7/1/2020,AZE,AZN,Azerbaijan,3.95,1.699,2.324896998
7/1/2020,BHR,BHD,Bahrain,1.4,0.37705,3.713035406
7/1/2020,BRA,BRL,Brazil,20.9,5.34045,3.913527886
7/1/2020,CAN,CAD,Canada,6.88,1.3552,5.07674144
7/1/2020,CHE,CHF,Switzerland,6.5,0.94125,6.905710491
7/1/2020,CHL,CLP,Chile,2740,787.7,3.478481655
7/1/2020,CHN,CNY,China,21.7,7.0035,3.098450775
7/1/2020,COL,COP,Colombia,11900,3617.01,3.290010257
7/1/2020,CRI,CRC,Costa Rica,2350,581.825,4.039015168
7/1/2020,CZE,CZK,Czech Republic,89,23.4134,3.801242024
7/1/2020,DNK,DKK,Denmark,30,6.54935,4.580607236
7/1/2020,EGY,EGP,Egypt,42,15.95,2.63322884
7/1/2020,EUZ,EUR,Euro area,4.21,0.879623521,4.7861385
7/1/2020,GBR,GBP,Britain,3.39,0.79255003,4.2773325
7/1/2020,GTM,GTQ,Guatemala,25,7.693,3.249707526
7/1/2020,HKG,HKD,Hong Kong,20.5,7.75095,2.644837084
7/1/2020,HND,HNL,Honduras,87,24.6907,3.523593904
7/1/2020,HRV,HRK,Croatia,22,6.6272,3.319652342
7/1/2020,HUN,HUF,Hungary,900,311.37795,2.890378076
7/1/2020,IDN,IDR,Indonesia,34000,14435,2.355386214
7/1/2020,IND,INR,India,190,75.1975,2.526679743
7/1/2020,ISR,ILS,Israel,17,3.4367,4.946605756
7/1/2020,JOR,JOD,Jordan,2.3,0.709,3.244005642
7/1/2020,JPN,JPY,Japan,390,107.275,3.635516197
7/1/2020,KOR,KRW,South Korea,4500,1200.95,3.747033598
7/1/2020,KWT,KWD,Kuwait,1.15,0.3078,3.736192333
7/1/2020,LBN,LBP,Lebanon,9000,1512,5.952380952
7/1/2020,LKA,LKR,Sri Lanka,680,185.85,3.658864676
7/1/2020,MDA,MDL,Moldova,47,17.075,2.752562225
7/1/2020,MEX,MXN,Mexico,50,22.436,2.228561241
7/1/2020,MYS,MYR,Malaysia,9.99,4.2655,2.342046653
7/1/2020,NIC,NIO,Nicaragua,120,34.3752,3.49088878
7/1/2020,NOR,NOK,Norway,52,9.37105,5.549004647
7/1/2020,NZL,NZD,New Zealand,6.6,1.51779616,4.34841
7/1/2020,OMN,OMR,Oman,1.1,0.385,2.857142857
7/1/2020,PAK,PKR,Pakistan,550,166.5,3.303303303
7/1/2020,PER,PEN,Peru,11.9,3.4973,3.402624882
7/1/2020,PHL,PHP,Philippines,142,49.426,2.872981831
7/1/2020,POL,PLN,Poland,11,3.94345,2.789435646
7/1/2020,QAT,QAR,Qatar,13,3.641,3.570447679
7/1/2020,ROU,RON,Romania,9.9,4.26005,2.323916386
7/1/2020,RUS,RUB,Russia,135,70.585,1.91258766
7/1/2020,SAU,SAR,Saudi Arabia,14,3.75105,3.732288293
7/1/2020,SGP,SGD,Singapore,5.9,1.3876,4.251945806
7/1/2020,SWE,SEK,Sweden,52.6,9.1384,5.755931016
7/1/2020,THA,THB,Thailand,128,31.385,4.078381392
7/1/2020,TUR,TRY,Turkey,13.99,6.8595,2.039507253
7/1/2020,TWN,TWD,Taiwan,72,29.4565,2.444282247
7/1/2020,UKR,UAH,Ukraine,59,27.13,2.174714338
7/1/2020,URY,UYU,Uruguay,189,43.675,4.327418432
7/1/2020,USA,USD,United States,5.71,1,5.71
7/1/2020,VNM,VND,Vietnam,66000,23180,2.84728214
7/1/2020,ZAF,ZAR,South Africa,31,16.6725,1.859349228
